product_category_name,qty,freight_price,unit_price,product_weight_g,product_score,customers,weekday,weekend,holiday,month,sales_rate,volume,comp_1,ps1,fp1,comp_2,ps2,fp2,comp_3,ps3,fp3,lag_price
bed_bath_table,1,15.1,45.95,350,4.0,57,23,8,1,5,10.26739356,3800,89.9,3.9,15.01189655,215.0,4.4,8.76,45.95,4.0,15.1,45.9
bed_bath_table,3,12.93333333,45.95,350,4.0,61,22,8,1,6,6.503115265,3800,89.9,3.9,14.76921569,209.0,4.4,21.322,45.95,4.0,12.93333333,45.95
bed_bath_table,6,14.84,45.95,350,4.0,123,21,10,1,7,12.07165109,3800,89.9,3.9,13.99383333,205.0,4.4,22.1959322,45.95,4.0,14.84,45.95
bed_bath_table,4,14.2875,45.95,350,4.0,90,23,8,1,8,9.293873313,3800,89.9,3.9,14.65675676,199.5098039,4.4,19.41288462,45.95,4.0,14.2875,45.95
bed_bath_table,2,15.1,45.95,350,4.0,54,21,9,1,9,5.555555556,3800,89.9,3.9,18.77652174,163.3987097,4.4,24.3246875,45.95,4.0,15.1,45.95
bed_bath_table,3,15.1,45.95,350,4.0,50,22,9,2,10,8.333333333,3800,89.9,3.9,21.57214286,45.95,4.0,15.1,45.95,4.0,15.1,45.95
bed_bath_table,11,15.83272727,40.53181818,350,4.0,97,22,8,4,11,30.55555556,3800,89.9,3.9,16.294,40.53181818,4.0,15.83272727,40.53181818,4.0,15.83272727,45.95
bed_bath_table,6,15.23,39.99,350,4.0,41,21,10,1,12,16.66666667,3800,88.48823529,3.9,18.89833333,39.99,4.0,15.23,39.99,4.0,15.23,40.53181818
bed_bath_table,19,16.53368421,39.99,350,4.0,62,23,8,2,1,17.75700935,3800,86.9,3.9,19.38352941,39.99,4.0,16.53368421,39.99,4.0,16.53368421,39.99
bed_bath_table,18,13.74944444,39.99,350,4.0,62,20,8,2,2,16.82242991,3800,86.9,3.9,19.20909091,39.99,4.0,13.74944444,39.99,4.0,13.74944444,39.99
bed_bath_table,17,16.46235294,39.99,350,4.0,43,22,9,1,3,15.88785047,3800,86.9,3.9,19.98235294,39.99,4.0,16.46235294,39.99,4.0,16.46235294,39.99
bed_bath_table,13,14.23615385,39.99,350,4.0,34,21,9,1,4,12.14953271,3800,85.045,3.9,12.94,39.99,4.0,14.23615385,39.99,4.0,14.23615385,39.99
bed_bath_table,19,10.25631579,39.99,350,4.0,57,23,8,3,5,10.26739356,3800,83.64961538,3.9,16.78038462,39.99,4.0,10.25631579,39.99,4.0,10.25631579,39.99
bed_bath_table,5,13.998,39.99,350,4.0,43,21,9,0,6,6.503115265,3800,79.9,3.9,23.00565217,39.99,4.0,13.998,39.99,4.0,13.998,39.99
bed_bath_table,8,20.4175,39.99,350,4.0,26,22,9,1,7,12.07165109,3800,77.93333333,3.9,19.952,39.99,4.0,20.4175,39.99,4.0,20.4175,39.99
bed_bath_table,8,16.33375,39.24,350,4.0,15,23,8,1,8,9.293873313,3800,74.0,3.9,17.25571429,39.24,4.0,16.33375,39.24,4.0,16.33375,39.99
garden_tools,6,32.68,69.9,9000,4.1,21,23,8,1,3,9.107142857,19656,69.9,4.1,32.68,69.9,4.1,32.68,69.9,4.1,32.68,69.85
garden_tools,3,34.21666667,82.63333333,9000,4.1,17,20,10,2,4,7.678571429,19656,82.63333333,4.1,34.21666667,82.63333333,4.1,34.21666667,82.63333333,4.1,34.21666667,69.9
garden_tools,20,39.8975,97.58823529,9000,4.1,34,23,8,1,5,19.04761905,19656,59.9,4.1,19.7325,59.9,4.2,26.24666667,97.58823529,4.1,39.8975,82.63333333
garden_tools,8,40.80125,89.0,9000,4.1,26,22,8,1,6,7.619047619,19656,59.9,4.1,17.67,59.9,4.2,16.26,89.0,4.1,40.80125,97.58823529
garden_tools,10,39.156,89.0,9000,4.1,74,21,10,1,7,9.523809524,19656,59.9,4.1,16.62642857,59.9,4.2,16.11157895,59.9,4.1,15.39230769,89.0
garden_tools,7,39.5,97.33333333,9000,4.1,113,23,8,1,8,6.666666667,19656,59.9,4.1,18.16230769,59.9,4.2,17.68111111,59.9,4.1,18.05043478,89.0
garden_tools,9,39.01888889,99.0,9000,4.1,115,21,9,1,9,8.571428571,19656,59.9,4.1,17.18702703,59.9,4.2,16.81176471,59.9,4.1,16.29461538,97.33333333
garden_tools,14,45.77642857,99.0,9000,4.1,146,22,9,2,10,13.33333333,19656,59.9,4.1,18.06589744,59.9,4.2,17.59548387,59.9,4.1,16.81416667,99.0
garden_tools,17,32.86352941,99.0,9000,4.1,339,22,8,4,11,16.19047619,19656,52.40694444,4.1,17.06747253,53.64828125,4.2,16.07586207,53.78571429,4.1,18.27550725,99.0
garden_tools,11,38.05545455,99.0,9000,4.1,184,21,10,1,12,10.47619048,19656,55.1,4.1,15.75960784,55.425,4.2,19.184375,55.75,4.1,17.26727273,99.0
garden_tools,4,41.54,99.5,9000,4.1,137,23,8,2,1,50.0,19656,49.9,4.1,19.495,49.9,4.2,15.84103448,49.9,4.1,16.50512821,99.0
garden_tools,2,43.555,101.0,9000,4.1,160,20,8,2,2,25.0,19656,50.54516129,4.1,16.61153846,50.9,4.2,17.51944444,50.35714286,4.1,18.281875,99.5
garden_tools,1,67.02,101.0,9000,4.1,116,22,9,1,3,9.107142857,19656,53.9,4.1,20.35967742,53.9,4.2,21.85285714,53.9,4.1,19.02423077,101.0
garden_tools,1,79.76,101.0,9000,4.1,111,21,9,1,4,7.678571429,19656,53.9,4.1,5.28173913,53.9,4.2,19.46846154,53.9,4.1,19.07142857,101.0
consoles_games,13,13.47307692,19.9,150,4.2,13,21,10,1,7,7.59180791,2304,19.9,4.2,13.47307692,19.9,3.9,11.85,19.9,4.2,13.47307692,19.85
consoles_games,24,16.16375,19.9,150,4.2,33,23,8,1,8,20.33898305,2304,19.9,4.2,16.16375,19.9,3.9,15.83272727,19.9,4.2,16.16375,19.9
consoles_games,9,16.13333333,19.9,150,4.2,17,21,9,1,9,7.627118644,2304,19.9,4.2,16.13333333,19.9,3.9,15.41111111,19.9,4.2,16.13333333,19.9
consoles_games,28,13.53428571,21.54285714,150,4.2,38,22,9,2,10,23.72881356,2304,21.54285714,4.2,13.53428571,20.66666667,3.9,12.80333333,21.54285714,4.2,13.53428571,19.9
consoles_games,28,13.64535714,24.5,150,4.2,49,22,8,4,11,23.72881356,2304,24.5,4.2,13.64535714,24.5,3.9,13.65217391,24.5,4.2,13.64535714,21.54285714
consoles_games,16,12.87375,24.5,150,4.2,30,21,10,1,12,13.55932203,2304,24.5,4.2,12.87375,24.5,3.9,13.52470588,24.5,4.2,12.87375,24.5
consoles_games,5,15.256,32.5,150,4.2,6,20,8,2,2,20.83333333,2304,32.5,4.2,15.256,32.5,3.9,11.85,32.5,4.2,15.256,32.45
consoles_games,6,18.05666667,32.5,150,4.2,13,22,9,1,3,25.0,2304,32.5,4.2,18.05666667,32.74285714,3.9,14.02714286,32.5,4.2,18.05666667,32.5
consoles_games,7,12.98571429,35.05714286,150,4.2,13,21,9,1,4,29.16666667,2304,35.05714286,4.2,12.98571429,34.2,3.9,15.015,35.05714286,4.2,12.98571429,32.5
consoles_games,3,15.87,36.2,150,4.2,3,23,8,3,5,12.5,2304,36.2,4.2,15.87,36.2,4.2,15.87,36.2,4.2,15.87,35.05714286
consoles_games,2,18.35,36.2,150,4.2,2,21,9,0,6,8.333333333,2304,36.2,4.2,18.35,36.2,4.2,18.35,36.2,4.2,18.35,36.2
consoles_games,1,22.18,36.2,150,4.2,1,22,9,1,7,7.59180791,2304,36.2,4.2,22.18,36.2,4.2,22.18,36.2,4.2,22.18,36.2
garden_tools,1,17.16,59.9,1800,4.2,17,20,10,2,4,7.879612825,32560,59.9,4.2,17.16,59.9,4.2,17.16,59.9,4.2,17.16,59.85
garden_tools,1,13.44,59.9,1800,4.2,34,23,8,1,5,8.756805808,32560,59.9,4.1,19.7325,59.9,4.2,26.24666667,59.9,4.2,13.44,59.9
garden_tools,4,17.67,59.9,1800,4.2,74,21,10,1,7,8.711433757,32560,59.9,4.1,16.62642857,59.9,4.2,16.11157895,59.9,4.1,15.39230769,59.85
garden_tools,6,16.26,59.9,1800,4.2,113,23,8,1,8,11.31276467,32560,59.9,4.1,18.16230769,59.9,4.2,17.68111111,59.9,4.1,18.05043478,59.9
garden_tools,5,16.782,59.9,1800,4.2,115,21,9,1,9,8.620689655,32560,59.9,4.1,17.18702703,59.9,4.2,16.81176471,59.9,4.1,16.29461538,59.9
garden_tools,11,14.80727273,59.9,1800,4.2,146,22,9,2,10,18.96551724,32560,59.9,4.1,18.06589744,59.9,4.2,17.59548387,59.9,4.1,16.81416667,59.9
garden_tools,20,16.016,51.32222222,1800,4.2,339,22,8,4,11,34.48275862,32560,52.40694444,4.1,17.06747253,53.64828125,4.2,16.07586207,53.78571429,4.1,18.27550725,59.9
garden_tools,10,18.103,56.97777778,1800,4.2,184,21,10,1,12,17.24137931,32560,55.1,4.1,15.75960784,55.425,4.2,19.184375,55.75,4.1,17.26727273,51.32222222
garden_tools,11,21.98272727,49.9,1800,4.2,137,23,8,2,1,19.29824561,32560,49.9,4.1,19.495,49.9,4.2,15.84103448,49.9,4.1,16.50512821,56.97777778
garden_tools,8,14.08375,51.4,1800,4.2,160,20,8,2,2,14.03508772,32560,50.54516129,4.1,16.61153846,50.9,4.2,17.51944444,50.35714286,4.1,18.281875,49.9
garden_tools,3,21.35,53.9,1800,4.2,116,22,9,1,3,5.263157895,32560,53.9,4.1,20.35967742,53.9,4.2,21.85285714,53.9,4.1,19.02423077,51.4
garden_tools,8,19.56375,53.9,1800,4.2,111,21,9,1,4,7.879612825,32560,53.9,4.1,5.28173913,53.9,4.2,19.46846154,53.9,4.1,19.07142857,53.9
garden_tools,9,16.46,52.9,1800,4.2,102,23,8,3,5,8.756805808,32560,53.41515152,4.1,10.75303571,53.70952381,4.2,13.51034483,53.05789474,4.1,12.98,53.9
garden_tools,5,23.122,49.9,1800,4.2,58,21,9,0,6,8.771929825,32560,49.9,4.1,19.89083333,49.9,4.2,23.25166667,49.9,4.1,22.87866667,52.9
garden_tools,6,20.99,49.9,1800,4.2,54,22,9,1,7,8.711433757,32560,49.91,4.1,28.37333333,49.9,4.2,33.28142857,49.9,4.1,20.99,49.9
garden_tools,7,24.48142857,49.9,1800,4.2,46,23,8,1,8,11.31276467,32560,49.91,4.1,20.32833333,49.9,4.2,36.442,49.9,4.1,32.32,49.9
health_beauty,11,11.75090909,19.99,100,4.3,19,20,8,2,2,14.94444444,4500,19.99,4.3,11.75090909,19.99,4.3,11.75090909,64.99,3.9,15.348,19.94
health_beauty,9,13.81888889,19.99,100,4.3,25,23,8,1,3,9.142857143,4500,19.99,4.3,13.81888889,89.99,4.1,13.02,64.99,3.9,17.26222222,19.99
health_beauty,13,18.03846154,19.99,100,4.3,23,20,10,2,4,5.777777778,4500,19.99,4.3,18.03846154,19.99,4.3,18.03846154,64.99,3.9,15.16888889,19.99
health_beauty,16,14.8475,19.99,100,4.3,41,23,8,1,5,9.805555556,4500,19.99,4.3,14.8475,89.99,4.1,16.09833333,64.99,3.9,14.811875,19.99
health_beauty,21,12.68333333,19.99,100,4.3,53,22,8,1,6,7.345238095,4500,19.99,4.3,12.68333333,89.99,4.1,14.16333333,58.79952381,3.9,13.90333333,19.99
health_beauty,29,11.13517241,19.99,100,4.3,61,21,10,1,7,9.123015873,4500,19.99,4.3,11.13517241,89.99,4.1,12.11882353,59.25666667,3.9,17.998,19.99
health_beauty,28,14.27678571,23.39740741,100,4.3,82,23,8,1,8,8.007936508,4500,23.39740741,4.3,14.27678571,89.99,4.1,13.41055556,58.99,3.9,16.24090909,19.99
health_beauty,24,16.12,23.99,100,4.3,89,21,9,1,9,10.66666667,4500,23.99,4.3,16.12,89.99,4.1,13.96428571,58.99,3.9,15.6392,23.39740741
health_beauty,27,13.13666667,23.99,100,4.3,81,22,9,2,10,12.0,4500,23.99,4.3,13.13666667,89.99,4.1,16.56291667,58.99,3.9,19.06526316,23.99
health_beauty,28,12.37535714,23.99,100,4.3,139,22,8,4,11,12.44444444,4500,23.99,4.3,12.37535714,89.99,4.1,16.99038462,58.99,3.9,15.71166667,23.99
health_beauty,19,12.45684211,23.99,100,4.3,112,21,10,1,12,8.444444444,4500,23.99,4.3,12.45684211,89.99,4.1,15.89473684,58.99,3.9,16.33222222,23.99
health_beauty,19,11.28736842,23.99,100,4.3,98,23,8,2,1,33.92857143,4500,23.99,4.3,11.28736842,89.99,4.1,14.811,58.99,3.9,22.67833333,23.99
health_beauty,14,12.55,23.99,100,4.3,126,20,8,2,2,14.94444444,4500,23.99,4.3,12.55,89.99,4.1,16.30764706,58.99,3.9,19.575,23.99
health_beauty,8,14.19875,23.99,100,4.3,169,22,9,1,3,9.142857143,4500,23.99,4.3,14.19875,83.74,4.1,11.876875,58.99,3.9,15.228,23.99
health_beauty,7,7.988571429,23.99,100,4.3,159,23,8,3,5,9.805555556,4500,23.99,4.3,7.988571429,79.99,4.1,21.943125,58.99,3.9,9.4225,23.94
health_beauty,3,16.27,23.99,100,4.3,131,21,9,0,6,7.345238095,4500,23.99,4.3,16.27,79.99,4.1,13.36230769,58.99,3.9,16.43,23.99
health_beauty,3,18.81,23.99,100,4.3,113,22,9,1,7,9.123015873,4500,23.99,4.3,18.81,79.99,4.1,16.745,58.99,3.9,7.67,23.99
health_beauty,2,16.77,23.99,100,4.3,127,23,8,1,8,8.007936508,4500,23.99,4.3,16.77,82.82142857,4.1,12.41857143,58.99,3.9,12.08333333,23.99
cool_stuff,1,15.7,134.99,2425,3.8,42,21,10,1,7,1.428571429,16530,99.99,4.2,16.52909091,129.99,4.3,18.715625,134.99,3.8,15.7,134.94
cool_stuff,1,15.7,134.99,2425,3.8,39,23,8,1,8,1.428571429,16530,99.99,4.2,18.975,116.9275,4.3,19.02125,134.99,3.8,15.7,134.99
cool_stuff,12,18.755,146.99,2425,3.8,33,22,9,2,10,17.14285714,16530,99.99,4.2,16.95,119.99,4.3,19.997,146.99,3.8,18.755,146.94
cool_stuff,27,20.83703704,157.3603704,2425,3.8,42,22,8,4,11,38.57142857,16530,99.99,4.2,16.1875,129.99,4.3,22.67444444,157.3603704,3.8,20.83703704,146.99
cool_stuff,29,24.47137931,166.99,2425,3.8,38,21,10,1,12,41.42857143,16530,99.99,4.2,15.26666667,129.99,4.3,25.59,166.99,3.8,24.47137931,157.3603704
cool_stuff,13,25.28615385,166.99,2425,3.8,102,23,8,2,1,34.21052632,16530,99.99,4.2,16.54,129.99,4.3,17.41,29.5,4.4,16.53263158,166.99
cool_stuff,8,22.87625,176.99,2425,3.8,20,20,8,2,2,21.05263158,16530,99.99,4.2,13.72,129.99,4.3,16.71,176.99,3.8,22.87625,166.99
cool_stuff,11,23.95454545,173.8081818,2425,3.8,45,22,9,1,3,28.94736842,16530,99.99,4.2,20.78,129.99,4.3,18.49,35.0,4.4,16.25615385,176.99
cool_stuff,6,24.87833333,169.99,2425,3.8,18,21,9,1,4,15.78947368,16530,89.86333333,4.2,19.87666667,129.99,4.3,23.49,35.0,4.4,14.845,173.8081818
health_beauty,1,44.63,110.99,700,4.1,98,23,8,2,1,0.641025641,5700,23.99,4.3,11.28736842,89.99,4.1,14.811,58.99,3.9,22.67833333,110.94
health_beauty,2,20.55,110.99,700,4.1,126,20,8,2,2,1.282051282,5700,23.99,4.3,12.55,89.99,4.1,16.30764706,58.99,3.9,19.575,110.99
health_beauty,9,38.19222222,110.99,700,4.1,169,22,9,1,3,5.769230769,5700,23.99,4.3,14.19875,83.74,4.1,11.876875,58.99,3.9,15.228,110.99
health_beauty,13,37.09153846,116.5284615,700,4.1,118,21,9,1,4,8.333333333,5700,116.5284615,4.1,37.09153846,79.99,4.1,14.485,58.99,3.9,16.30272727,110.99
health_beauty,23,31.5826087,119.99,700,4.1,159,23,8,3,5,14.74358974,5700,23.99,4.3,7.988571429,79.99,4.1,21.943125,58.99,3.9,9.4225,116.5284615
health_beauty,43,35.51837209,122.99,700,4.1,131,21,9,0,6,27.56410256,5700,23.99,4.3,16.27,79.99,4.1,13.36230769,58.99,3.9,16.43,119.99
health_beauty,33,33.01,122.99,700,4.1,113,22,9,1,7,21.15384615,5700,23.99,4.3,18.81,79.99,4.1,16.745,58.99,3.9,7.67,122.99
health_beauty,32,36.941875,122.99,700,4.1,127,23,8,1,8,20.51282051,5700,23.99,4.3,16.77,82.82142857,4.1,12.41857143,58.99,3.9,12.08333333,122.99
perfumery,4,18.4525,56.99,250,4.3,4,22,8,1,6,4.166666667,3360,56.99,4.3,18.4525,56.99,4.3,18.4525,56.99,4.3,18.4525,56.94
perfumery,7,11.75,56.99,250,4.3,7,21,10,1,7,13.16964286,3360,56.99,4.3,11.75,56.99,4.3,11.75,56.99,4.3,11.75,56.99
perfumery,7,13.58857143,56.99,250,4.3,8,23,8,1,8,8.407738095,3360,56.99,4.3,13.58857143,142.5,4.4,15.75,56.99,4.3,13.58857143,56.99
perfumery,17,13.74117647,56.99,250,4.3,18,21,9,1,9,17.70833333,3360,56.99,4.3,13.74117647,142.5,4.4,9.19,56.99,4.3,13.74117647,56.99
perfumery,17,12.29294118,56.99,250,4.3,19,22,9,2,10,17.70833333,3360,56.99,4.3,12.29294118,142.5,4.4,17.15,56.99,4.3,12.29294118,56.99
perfumery,20,12.714,56.99,250,4.3,27,22,8,4,11,20.83333333,3360,56.99,4.3,12.714,118.05,4.4,14.29375,56.99,4.3,12.714,56.99
perfumery,24,13.82,56.99,250,4.3,34,21,10,1,12,25.0,3360,56.99,4.3,13.82,118.0,4.4,11.02666667,56.99,4.3,13.82,56.99
perfumery,10,12.215,56.99,250,4.3,15,23,8,2,1,23.80952381,3360,56.99,4.3,12.215,117.9,4.4,14.03833333,56.99,4.3,12.215,56.99
perfumery,4,14.5575,56.99,250,4.3,12,20,8,2,2,9.523809524,3360,56.99,4.3,14.5575,117.8888889,4.4,13.88090909,56.99,4.3,14.5575,56.99
perfumery,14,15.19642857,50.49,250,4.3,18,22,9,1,3,33.33333333,3360,50.49,4.3,15.19642857,117.7,4.4,15.175,50.49,4.3,15.19642857,56.99
perfumery,2,13.665,49.99,250,4.3,10,21,9,1,4,4.761904762,3360,49.99,4.3,13.665,117.975,4.4,21.65,49.99,4.3,13.665,50.49
perfumery,8,12.5225,49.99,250,4.3,13,22,9,1,7,13.16964286,3360,49.99,4.3,12.5225,118.7,4.4,15.978,49.99,4.3,12.5225,49.94
perfumery,4,12.28,49.99,250,4.3,19,23,8,1,8,8.407738095,3360,49.99,4.3,12.28,116.9066667,4.4,17.79058824,49.99,4.3,12.28,49.99
cool_stuff,2,21.17,99.99,4475,4.3,33,20,10,2,4,9.703196347,32736,99.99,4.2,14.20235294,129.99,4.3,17.39642857,99.99,4.3,21.17,99.94
cool_stuff,18,15.57722222,99.99,4475,4.3,58,23,8,1,5,24.65753425,32736,99.99,4.2,15.02090909,129.99,4.3,18.27277778,99.99,4.3,15.57722222,99.99
cool_stuff,11,20.49090909,99.99,4475,4.3,42,22,8,1,6,15.06849315,32736,99.99,4.2,13.82642857,129.99,4.3,17.06117647,99.99,4.3,20.49090909,99.99
cool_stuff,14,19.91214286,99.99,4475,4.3,42,21,10,1,7,19.17808219,32736,99.99,4.2,16.52909091,129.99,4.3,18.715625,99.99,4.3,19.91214286,99.99
cool_stuff,8,18.22875,99.99,4475,4.3,39,23,8,1,8,10.95890411,32736,99.99,4.2,18.975,116.9275,4.3,19.02125,99.99,4.3,18.22875,99.99
cool_stuff,6,17.78166667,99.99,4475,4.3,10,21,9,1,9,8.219178082,32736,99.99,4.2,15.93333333,99.99,4.3,17.78166667,29.5,4.4,11.73,99.99
cool_stuff,9,18.51888889,99.99,4475,4.3,33,22,9,2,10,12.32876712,32736,99.99,4.2,16.95,119.99,4.3,19.997,99.99,4.3,18.51888889,99.99
cool_stuff,2,17.45,99.99,4475,4.3,42,22,8,4,11,2.739726027,32736,99.99,4.2,16.1875,129.99,4.3,22.67444444,99.99,4.3,17.45,99.99
cool_stuff,3,17.95,99.99,4475,4.3,38,21,10,1,12,4.109589041,32736,99.99,4.2,15.26666667,129.99,4.3,25.59,99.99,4.3,17.95,99.99
cool_stuff,6,15.90166667,99.99,4475,4.3,102,23,8,2,1,25.0,32736,99.99,4.2,16.54,129.99,4.3,17.41,29.5,4.4,16.53263158,99.99
cool_stuff,9,19.08111111,99.99,4475,4.3,20,20,8,2,2,37.5,32736,99.99,4.2,13.72,129.99,4.3,16.71,99.99,4.3,19.08111111,99.99
cool_stuff,5,17.592,97.952,4475,4.3,45,22,9,1,3,20.83333333,32736,99.99,4.2,20.78,129.99,4.3,18.49,35.0,4.4,16.25615385,99.99
cool_stuff,4,18.195,84.6925,4475,4.3,18,21,9,1,4,9.703196347,32736,89.86333333,4.2,19.87666667,129.99,4.3,23.49,35.0,4.4,14.845,97.952
health_beauty,6,13.02,89.99,250,4.1,25,23,8,1,3,9.134440538,3960,19.99,4.3,13.81888889,89.99,4.1,13.02,64.99,3.9,17.26222222,89.94
health_beauty,6,16.09833333,89.99,250,4.1,41,23,8,1,5,9.134440538,3960,19.99,4.3,14.8475,89.99,4.1,16.09833333,64.99,3.9,14.811875,89.94
health_beauty,9,14.16333333,89.99,250,4.1,53,22,8,1,6,8.83440417,3960,19.99,4.3,12.68333333,89.99,4.1,14.16333333,58.79952381,3.9,13.90333333,89.99
health_beauty,17,12.11882353,89.99,250,4.1,61,21,10,1,7,10.24669657,3960,19.99,4.3,11.13517241,89.99,4.1,12.11882353,59.25666667,3.9,17.998,89.99
health_beauty,18,13.41055556,89.99,250,4.1,82,23,8,1,8,9.261728694,3960,23.39740741,4.3,14.27678571,89.99,4.1,13.41055556,58.99,3.9,16.24090909,89.99
health_beauty,21,13.96428571,89.99,250,4.1,89,21,9,1,9,14.38356164,3960,23.99,4.3,16.12,89.99,4.1,13.96428571,58.99,3.9,15.6392,89.99
health_beauty,24,16.56291667,89.99,250,4.1,81,22,9,2,10,16.43835616,3960,23.99,4.3,13.13666667,89.99,4.1,16.56291667,58.99,3.9,19.06526316,89.99
health_beauty,26,16.99038462,89.99,250,4.1,139,22,8,4,11,17.80821918,3960,23.99,4.3,12.37535714,89.99,4.1,16.99038462,58.99,3.9,15.71166667,89.99
health_beauty,19,15.89473684,89.99,250,4.1,112,21,10,1,12,13.01369863,3960,23.99,4.3,12.45684211,89.99,4.1,15.89473684,58.99,3.9,16.33222222,89.99
health_beauty,20,14.811,89.99,250,4.1,98,23,8,2,1,17.69911504,3960,23.99,4.3,11.28736842,89.99,4.1,14.811,58.99,3.9,22.67833333,89.99
health_beauty,17,16.30764706,89.99,250,4.1,126,20,8,2,2,15.04424779,3960,23.99,4.3,12.55,89.99,4.1,16.30764706,58.99,3.9,19.575,89.99
health_beauty,16,11.876875,83.74,250,4.1,169,22,9,1,3,9.134440538,3960,23.99,4.3,14.19875,83.74,4.1,11.876875,58.99,3.9,15.228,89.99
health_beauty,14,14.485,79.99,250,4.1,118,21,9,1,4,12.38938053,3960,79.99,4.1,14.485,79.99,4.1,14.485,58.99,3.9,16.30272727,83.74
health_beauty,16,21.943125,79.99,250,4.1,159,23,8,3,5,9.134440538,3960,23.99,4.3,7.988571429,79.99,4.1,21.943125,58.99,3.9,9.4225,79.99
health_beauty,13,13.36230769,79.99,250,4.1,131,21,9,0,6,8.83440417,3960,23.99,4.3,16.27,79.99,4.1,13.36230769,58.99,3.9,16.43,79.99
health_beauty,10,16.745,79.99,250,4.1,113,22,9,1,7,10.24669657,3960,23.99,4.3,18.81,79.99,4.1,16.745,58.99,3.9,7.67,79.99
health_beauty,7,12.41857143,82.82142857,250,4.1,127,23,8,1,8,9.261728694,3960,23.99,4.3,16.77,82.82142857,4.1,12.41857143,58.99,3.9,12.08333333,79.99
garden_tools,13,15.39230769,59.9,1650,4.1,74,21,10,1,7,4.072301967,19800,59.9,4.1,16.62642857,59.9,4.2,16.11157895,59.9,4.1,15.39230769,59.85
garden_tools,23,18.05043478,59.9,1650,4.1,113,23,8,1,8,7.387028177,19800,59.9,4.1,18.16230769,59.9,4.2,17.68111111,59.9,4.1,18.05043478,59.9
garden_tools,13,16.29461538,59.9,1650,4.1,115,21,9,1,9,6.565656566,19800,59.9,4.1,17.18702703,59.9,4.2,16.81176471,59.9,4.1,16.29461538,59.9
garden_tools,36,16.81416667,59.9,1650,4.1,146,22,9,2,10,18.18181818,19800,59.9,4.1,18.06589744,59.9,4.2,17.59548387,59.9,4.1,16.81416667,59.9
garden_tools,69,18.27550725,53.78571429,1650,4.1,339,22,8,4,11,34.84848485,19800,52.40694444,4.1,17.06747253,53.64828125,4.2,16.07586207,53.78571429,4.1,18.27550725,59.9
garden_tools,44,17.26727273,55.75,1650,4.1,184,21,10,1,12,22.22222222,19800,55.1,4.1,15.75960784,55.425,4.2,19.184375,55.75,4.1,17.26727273,53.78571429
garden_tools,39,16.50512821,49.9,1650,4.1,137,23,8,2,1,20.52631579,19800,49.9,4.1,19.495,49.9,4.2,15.84103448,49.9,4.1,16.50512821,55.75
garden_tools,48,18.281875,50.35714286,1650,4.1,160,20,8,2,2,25.26315789,19800,50.54516129,4.1,16.61153846,50.9,4.2,17.51944444,50.35714286,4.1,18.281875,49.9
garden_tools,26,19.02423077,53.9,1650,4.1,116,22,9,1,3,13.68421053,19800,53.9,4.1,20.35967742,53.9,4.2,21.85285714,53.9,4.1,19.02423077,50.35714286
garden_tools,28,19.07142857,53.9,1650,4.1,111,21,9,1,4,14.73684211,19800,53.9,4.1,5.28173913,53.9,4.2,19.46846154,53.9,4.1,19.07142857,53.9
garden_tools,25,12.98,53.05789474,1650,4.1,102,23,8,3,5,13.15789474,19800,53.41515152,4.1,10.75303571,53.70952381,4.2,13.51034483,53.05789474,4.1,12.98,53.9
garden_tools,15,22.87866667,49.9,1650,4.1,58,21,9,0,6,7.894736842,19800,49.9,4.1,19.89083333,49.9,4.2,23.25166667,49.9,4.1,22.87866667,53.05789474
garden_tools,3,20.99,49.9,1650,4.1,54,22,9,1,7,4.072301967,19800,49.91,4.1,28.37333333,49.9,4.2,33.28142857,49.9,4.1,20.99,49.9
garden_tools,6,32.32,49.9,1650,4.1,46,23,8,1,8,7.387028177,19800,49.91,4.1,20.32833333,49.9,4.2,36.442,49.9,4.1,32.32,49.9
computers_accessories,1,14.92,167.0,207,3.5,31,22,9,2,10,33.33333333,2926,154.6958824,4.2,43.88117647,167.0,3.5,14.92,167.0,3.5,14.92,166.95
computers_accessories,2,13.44,119.9,207,3.5,35,21,10,1,12,66.66666667,2926,149.99,4.2,38.57,119.9,3.5,13.44,109.9,3.5,25.24916667,119.85
computers_accessories,57,12.23912281,93.09489362,207,3.5,152,23,8,2,1,45.96774194,2926,156.5113514,4.2,36.8072093,150.3545455,4.3,22.54772727,97.6425,3.5,14.84655172,119.9
computers_accessories,45,11.51311111,77.155,207,3.5,202,20,8,2,2,36.29032258,2926,149.0,4.2,41.16322581,149.9,4.3,26.55289855,78.7122807,3.5,14.53591549,93.09489362
computers_accessories,6,17.55333333,88.0,207,3.5,127,22,9,1,3,4.838709677,2926,136.1428571,4.2,48.0475,149.9,4.3,28.47588235,81.02391304,3.5,18.22148148,77.155
computers_accessories,10,10.869,88.0,207,3.5,107,21,9,1,4,8.064516129,2926,120.9230769,4.2,27.25303571,149.9,4.3,30.22742857,80.66666667,3.5,18.17230769,88.0
computers_accessories,3,21.82666667,89.9,207,3.5,66,21,9,0,6,2.419354839,2926,114.4911538,4.2,53.62555556,149.9,4.3,27.62666667,78.9,3.5,17.328,89.85
computers_accessories,3,13.41333333,78.9,207,3.5,43,22,9,1,7,2.419354839,2926,119.99,4.2,48.62666667,149.9,4.3,33.57153846,77.9,3.5,14.63857143,89.9
garden_tools,3,26.24666667,59.9,1750,4.2,34,23,8,1,5,9.115164065,32560,59.9,4.1,19.7325,59.9,4.2,26.24666667,59.9,4.2,26.24666667,59.85
garden_tools,3,16.26,59.9,1750,4.2,26,22,8,1,6,2.429117553,32560,59.9,4.1,17.67,59.9,4.2,16.26,59.9,4.2,16.26,59.9
garden_tools,19,16.11157895,59.9,1750,4.2,74,21,10,1,7,8.407666985,32560,59.9,4.1,16.62642857,59.9,4.2,16.11157895,59.9,4.1,15.39230769,59.9
garden_tools,27,17.68111111,59.9,1750,4.2,113,23,8,1,8,9.071360306,32560,59.9,4.1,18.16230769,59.9,4.2,17.68111111,59.9,4.1,18.05043478,59.9
garden_tools,17,16.81176471,59.9,1750,4.2,115,21,9,1,9,7.762557078,32560,59.9,4.1,17.18702703,59.9,4.2,16.81176471,59.9,4.1,16.29461538,59.9
garden_tools,31,17.59548387,59.9,1750,4.2,146,22,9,2,10,14.15525114,32560,59.9,4.1,18.06589744,59.9,4.2,17.59548387,59.9,4.1,16.81416667,59.9
garden_tools,87,16.07586207,53.64828125,1750,4.2,339,22,8,4,11,39.7260274,32560,52.40694444,4.1,17.06747253,53.64828125,4.2,16.07586207,53.78571429,4.1,18.27550725,59.9
garden_tools,32,19.184375,55.425,1750,4.2,184,21,10,1,12,14.61187215,32560,55.1,4.1,15.75960784,55.425,4.2,19.184375,55.75,4.1,17.26727273,53.64828125
garden_tools,29,15.84103448,49.9,1750,4.2,137,23,8,2,1,16.86046512,32560,49.9,4.1,19.495,49.9,4.2,15.84103448,49.9,4.1,16.50512821,55.425
garden_tools,36,17.51944444,50.9,1750,4.2,160,20,8,2,2,20.93023256,32560,50.54516129,4.1,16.61153846,50.9,4.2,17.51944444,50.35714286,4.1,18.281875,49.9
garden_tools,35,21.85285714,53.9,1750,4.2,116,22,9,1,3,20.34883721,32560,53.9,4.1,20.35967742,53.9,4.2,21.85285714,53.9,4.1,19.02423077,50.9
garden_tools,13,19.46846154,53.9,1750,4.2,111,21,9,1,4,7.558139535,32560,53.9,4.1,5.28173913,53.9,4.2,19.46846154,53.9,4.1,19.07142857,53.9
garden_tools,29,13.51034483,53.70952381,1750,4.2,102,23,8,3,5,9.115164065,32560,53.41515152,4.1,10.75303571,53.70952381,4.2,13.51034483,53.05789474,4.1,12.98,53.9
garden_tools,6,23.25166667,49.9,1750,4.2,58,21,9,0,6,2.429117553,32560,49.9,4.1,19.89083333,49.9,4.2,23.25166667,49.9,4.1,22.87866667,53.70952381
garden_tools,14,33.28142857,49.9,1750,4.2,54,22,9,1,7,8.407666985,32560,49.91,4.1,28.37333333,49.9,4.2,33.28142857,49.9,4.1,20.99,49.9
garden_tools,10,36.442,49.9,1750,4.2,46,23,8,1,8,9.071360306,32560,49.91,4.1,20.32833333,49.9,4.2,36.442,49.9,4.1,32.32,49.9
computers_accessories,22,22.54772727,150.3545455,533,4.3,152,23,8,2,1,8.02919708,4840,156.5113514,4.2,36.8072093,150.3545455,4.3,22.54772727,97.6425,3.5,14.84655172,150.3045455
computers_accessories,69,26.55289855,149.9,533,4.3,202,20,8,2,2,25.18248175,4840,149.0,4.2,41.16322581,149.9,4.3,26.55289855,78.7122807,3.5,14.53591549,150.3545455
computers_accessories,51,28.47588235,149.9,533,4.3,127,22,9,1,3,18.61313869,4840,136.1428571,4.2,48.0475,149.9,4.3,28.47588235,81.02391304,3.5,18.22148148,149.9
computers_accessories,35,30.22742857,149.9,533,4.3,107,21,9,1,4,12.77372263,4840,120.9230769,4.2,27.25303571,149.9,4.3,30.22742857,80.66666667,3.5,18.17230769,149.9
computers_accessories,52,18.94307692,149.9,533,4.3,78,23,8,3,5,18.97810219,4840,119.0,4.2,39.2172,149.9,4.3,18.94307692,79.8,3.5,14.41454545,149.9
computers_accessories,27,27.62666667,149.9,533,4.3,66,21,9,0,6,9.854014599,4840,114.4911538,4.2,53.62555556,149.9,4.3,27.62666667,78.9,3.5,17.328,149.9
computers_accessories,13,33.57153846,149.9,533,4.3,43,22,9,1,7,4.744525547,4840,119.99,4.2,48.62666667,149.9,4.3,33.57153846,77.9,3.5,14.63857143,149.9
computers_accessories,5,24.76,149.9,533,4.3,18,23,8,1,8,1.824817518,4840,119.99,4.2,39.046,149.9,4.3,24.76,77.9,3.5,13.415,149.9
health_beauty,3,24.05,61.99,350,3.9,98,23,8,2,1,2.0,2964,23.99,4.3,11.28736842,89.99,4.1,14.811,58.99,3.9,22.67833333,61.94
health_beauty,13,28.61461538,61.99,350,3.9,169,22,9,1,3,8.666666667,2964,23.99,4.3,14.19875,83.74,4.1,11.876875,58.99,3.9,15.228,61.94
health_beauty,15,25.346,64.99,350,3.9,118,21,9,1,4,10.0,2964,64.99,3.9,25.346,79.99,4.1,14.485,58.99,3.9,16.30272727,61.99
health_beauty,38,24.77447368,64.99,350,3.9,159,23,8,3,5,25.33333333,2964,23.99,4.3,7.988571429,79.99,4.1,21.943125,58.99,3.9,9.4225,64.99
health_beauty,26,30.24153846,66.99,350,3.9,131,21,9,0,6,17.33333333,2964,23.99,4.3,16.27,79.99,4.1,13.36230769,58.99,3.9,16.43,64.99
health_beauty,27,25.90074074,66.99,350,3.9,113,22,9,1,7,18.0,2964,23.99,4.3,18.81,79.99,4.1,16.745,58.99,3.9,7.67,66.99
health_beauty,28,23.52821429,66.99,350,3.9,127,23,8,1,8,18.66666667,2964,23.99,4.3,16.77,82.82142857,4.1,12.41857143,58.99,3.9,12.08333333,66.99
garden_tools,4,19.7325,59.9,1550,4.1,34,23,8,1,5,14.18617614,19800,59.9,4.1,19.7325,59.9,4.2,26.24666667,59.9,4.1,19.7325,59.85
garden_tools,1,17.67,59.9,1550,4.1,26,22,8,1,6,3.065774805,19800,59.9,4.1,17.67,59.9,4.2,16.26,59.9,4.1,17.67,59.9
garden_tools,14,16.62642857,59.9,1550,4.1,74,21,10,1,7,3.978539576,19800,59.9,4.1,16.62642857,59.9,4.2,16.11157895,59.9,4.1,15.39230769,59.9
garden_tools,39,18.16230769,59.9,1550,4.1,113,23,8,1,8,8.507525084,19800,59.9,4.1,18.16230769,59.9,4.2,17.68111111,59.9,4.1,18.05043478,59.9
garden_tools,37,17.18702703,59.9,1550,4.1,115,21,9,1,9,13.4057971,19800,59.9,4.1,17.18702703,59.9,4.2,16.81176471,59.9,4.1,16.29461538,59.9
garden_tools,39,18.06589744,59.9,1550,4.1,146,22,9,2,10,14.13043478,19800,59.9,4.1,18.06589744,59.9,4.2,17.59548387,59.9,4.1,16.81416667,59.9
garden_tools,91,17.06747253,52.40694444,1550,4.1,339,22,8,4,11,32.97101449,19800,52.40694444,4.1,17.06747253,53.64828125,4.2,16.07586207,53.78571429,4.1,18.27550725,59.9
garden_tools,51,15.75960784,55.1,1550,4.1,184,21,10,1,12,18.47826087,19800,55.1,4.1,15.75960784,55.425,4.2,19.184375,55.75,4.1,17.26727273,52.40694444
garden_tools,12,19.495,49.9,1550,4.1,137,23,8,2,1,5.769230769,19800,49.9,4.1,19.495,49.9,4.2,15.84103448,49.9,4.1,16.50512821,55.1
garden_tools,39,16.61153846,50.54516129,1550,4.1,160,20,8,2,2,18.75,19800,50.54516129,4.1,16.61153846,50.9,4.2,17.51944444,50.35714286,4.1,18.281875,49.9
garden_tools,31,20.35967742,53.9,1550,4.1,116,22,9,1,3,14.90384615,19800,53.9,4.1,20.35967742,53.9,4.2,21.85285714,53.9,4.1,19.02423077,50.54516129
garden_tools,46,5.28173913,53.9,1550,4.1,111,21,9,1,4,22.11538462,19800,53.9,4.1,5.28173913,53.9,4.2,19.46846154,53.9,4.1,19.07142857,53.9
garden_tools,56,10.75303571,53.41515152,1550,4.1,102,23,8,3,5,14.18617614,19800,53.41515152,4.1,10.75303571,53.70952381,4.2,13.51034483,53.05789474,4.1,12.98,53.9
garden_tools,12,19.89083333,49.9,1550,4.1,58,21,9,0,6,3.065774805,19800,49.9,4.1,19.89083333,49.9,4.2,23.25166667,49.9,4.1,22.87866667,53.41515152
garden_tools,6,28.37333333,49.91,1550,4.1,54,22,9,1,7,3.978539576,19800,49.91,4.1,28.37333333,49.9,4.2,33.28142857,49.9,4.1,20.99,49.9
garden_tools,6,20.32833333,49.91,1550,4.1,46,23,8,1,8,8.507525084,19800,49.91,4.1,20.32833333,49.9,4.2,36.442,49.9,4.1,32.32,49.91
health_beauty,21,10.20047619,47.35789474,1110,4.2,126,20,8,2,2,13.5483871,3762,23.99,4.3,12.55,89.99,4.1,16.30764706,58.99,3.9,19.575,47.30789474
health_beauty,58,12.56344828,48.45944444,1110,4.2,169,22,9,1,3,37.41935484,3762,23.99,4.3,14.19875,83.74,4.1,11.876875,58.99,3.9,15.228,47.35789474
health_beauty,18,13.16055556,53.70176471,1110,4.2,118,21,9,1,4,11.61290323,3762,53.70176471,4.2,13.16055556,79.99,4.1,14.485,58.99,3.9,16.30272727,48.45944444
health_beauty,33,10.63121212,52.06928571,1110,4.2,159,23,8,3,5,21.29032258,3762,23.99,4.3,7.988571429,79.99,4.1,21.943125,58.99,3.9,9.4225,53.70176471
health_beauty,9,12.91,49.98,1110,4.2,131,21,9,0,6,5.806451613,3762,23.99,4.3,16.27,79.99,4.1,13.36230769,58.99,3.9,16.43,52.06928571
health_beauty,5,14.368,51.512,1110,4.2,113,22,9,1,7,3.225806452,3762,23.99,4.3,18.81,79.99,4.1,16.745,58.99,3.9,7.67,49.98
health_beauty,11,9.312727273,50.71,1110,4.2,127,23,8,1,8,7.096774194,3762,23.99,4.3,16.77,82.82142857,4.1,12.41857143,58.99,3.9,12.08333333,51.512
watches_gifts,5,13.91,157.99,444,4.0,17,22,8,1,6,4.072822823,4480,163.0,4.2,14.265,157.99,4.0,13.91,185.0,3.8,14.74,157.94
watches_gifts,6,14.95,171.792,444,4.0,29,21,10,1,7,7.526276276,4480,161.5909091,4.2,15.52545455,171.792,4.0,14.95,197.383,3.8,16.606,157.99
watches_gifts,5,17.084,169.9,444,4.0,48,23,8,1,8,5.461711712,4480,160.6692308,4.2,15.18538462,169.9,4.0,17.084,179.9,3.8,14.92666667,171.792
watches_gifts,10,17.856,160.4,444,4.0,54,21,9,1,9,13.51351351,4480,148.7785714,4.2,14.04111111,160.4,4.0,17.856,164.57,3.8,19.528,169.9
watches_gifts,16,18.505625,149.475,444,4.0,43,22,9,2,10,21.62162162,4480,134.9,4.2,6.81,149.475,4.0,18.505625,232.49,3.8,14.2125,160.4
watches_gifts,26,19.17230769,140.56,444,4.0,91,22,8,4,11,35.13513514,4480,133.0,4.2,19.91666667,108.0,4.2,15.90846154,174.4333333,3.8,20.99277778,149.475
watches_gifts,6,17.00333333,149.0,444,4.0,73,21,10,1,12,8.108108108,4480,149.0,4.2,19.1,108.0,4.2,16.65384615,185.96,3.8,18.686,140.56
watches_gifts,8,14.165,148.5,444,4.0,59,23,8,2,1,11.11111111,4480,148.5,4.0,14.165,108.0,4.2,16.19636364,199.0,3.8,21.88,149.0
watches_gifts,14,15.12928571,145.9942857,444,4.0,90,20,8,2,2,19.44444444,4480,128.2416667,4.2,15.92666667,108.0,4.2,18.25363636,182.0,3.8,19.33,148.5
watches_gifts,9,26.27222222,123.9666667,444,4.0,125,22,9,1,3,12.5,4480,117.4412903,4.2,18.26129032,105.6428571,4.2,21.6652381,151.8784375,3.8,20.31375,145.9942857
watches_gifts,10,21.229,119.19,444,4.0,178,21,9,1,4,13.88888889,4480,105.648625,4.2,2.181647059,105.0,4.2,13.63142857,150.1333333,3.8,19.44777778,123.9666667
watches_gifts,22,14.71227273,118.1318182,444,4.0,260,23,8,3,5,30.55555556,4480,103.7925234,4.2,0.095438596,105.0,4.2,11.3772973,132.53125,3.8,15.7621875,119.19
watches_gifts,1,18.86,139.9,444,4.0,93,21,9,0,6,4.072822823,4480,119.0,4.2,19.20666667,105.0,4.2,23.82357143,138.22,3.8,16.108,118.1318182
watches_gifts,5,23.162,138.98,444,4.0,122,22,9,1,7,7.526276276,4480,118.3636364,4.2,15.48,105.0,4.2,24.93875,155.0,3.8,16.47,139.9
watches_gifts,3,23.52666667,138.0,444,4.0,61,23,8,1,8,5.461711712,4480,112.0,4.2,13.44,105.0,4.2,23.38571429,145.5509091,3.8,21.89727273,138.98
health_beauty,3,15.57,84.99,600,3.8,82,23,8,1,8,3.125,8151,23.39740741,4.3,14.27678571,89.99,4.1,13.41055556,58.99,3.9,16.24090909,84.94
health_beauty,4,15.6,84.99,600,3.8,89,21,9,1,9,4.166666667,8151,23.99,4.3,16.12,89.99,4.1,13.96428571,58.99,3.9,15.6392,84.99
health_beauty,3,19.61,84.99,600,3.8,81,22,9,2,10,3.125,8151,23.99,4.3,13.13666667,89.99,4.1,16.56291667,58.99,3.9,19.06526316,84.99
health_beauty,36,17.40833333,84.99,600,3.8,139,22,8,4,11,37.5,8151,23.99,4.3,12.37535714,89.99,4.1,16.99038462,58.99,3.9,15.71166667,84.99
health_beauty,50,16.2446,84.99,600,3.8,112,21,10,1,12,52.08333333,8151,23.99,4.3,12.45684211,89.99,4.1,15.89473684,58.99,3.9,16.33222222,84.99
health_beauty,13,15.99615385,84.99,600,3.8,98,23,8,2,1,50.0,8151,23.99,4.3,11.28736842,89.99,4.1,14.811,58.99,3.9,22.67833333,84.99
health_beauty,7,15.86714286,84.99,600,3.8,126,20,8,2,2,26.92307692,8151,23.99,4.3,12.55,89.99,4.1,16.30764706,58.99,3.9,19.575,84.99
health_beauty,4,16.375,84.99,600,3.8,169,22,9,1,3,15.38461538,8151,23.99,4.3,14.19875,83.74,4.1,11.876875,58.99,3.9,15.228,84.99
health_beauty,2,22.08,84.99,600,3.8,131,21,9,0,6,7.692307692,8151,23.99,4.3,16.27,79.99,4.1,13.36230769,58.99,3.9,16.43,84.94
garden_tools,1,33.54,179.99,7650,4.2,3,20,8,2,2,8.942307692,8000,179.99,4.2,33.54,179.99,4.2,33.54,179.99,4.2,33.54,179.94
garden_tools,3,36.64333333,179.99,7650,4.2,17,20,10,2,4,10.80128205,8000,179.99,4.2,36.64333333,179.99,4.2,36.64333333,179.99,4.2,36.64333333,179.94
garden_tools,2,26.88,179.99,7650,4.2,115,21,9,1,9,5.0,8000,59.9,4.1,17.18702703,59.9,4.2,16.81176471,59.9,4.1,16.29461538,179.94
garden_tools,6,36.75666667,179.99,7650,4.2,146,22,9,2,10,15.0,8000,59.9,4.1,18.06589744,59.9,4.2,17.59548387,59.9,4.1,16.81416667,179.99
garden_tools,13,43.14153846,179.99,7650,4.2,339,22,8,4,11,32.5,8000,52.40694444,4.1,17.06747253,53.64828125,4.2,16.07586207,53.78571429,4.1,18.27550725,179.99
garden_tools,15,47.594,183.99,7650,4.2,184,21,10,1,12,37.5,8000,55.1,4.1,15.75960784,55.425,4.2,19.184375,55.75,4.1,17.26727273,179.99
garden_tools,14,38.53785714,187.8542857,7650,4.2,137,23,8,2,1,17.94871795,8000,49.9,4.1,19.495,49.9,4.2,15.84103448,49.9,4.1,16.50512821,183.99
garden_tools,12,47.82583333,179.0,7650,4.2,160,20,8,2,2,8.942307692,8000,50.54516129,4.1,16.61153846,50.9,4.2,17.51944444,50.35714286,4.1,18.281875,187.8542857
garden_tools,13,57.29846154,175.1538462,7650,4.2,116,22,9,1,3,16.66666667,8000,53.9,4.1,20.35967742,53.9,4.2,21.85285714,53.9,4.1,19.02423077,179.0
garden_tools,11,28.63272727,179.0,7650,4.2,111,21,9,1,4,10.80128205,8000,53.9,4.1,5.28173913,53.9,4.2,19.46846154,53.9,4.1,19.07142857,175.1538462
garden_tools,3,24.37,179.0,7650,4.2,102,23,8,3,5,3.846153846,8000,53.41515152,4.1,10.75303571,53.70952381,4.2,13.51034483,53.05789474,4.1,12.98,179.0
garden_tools,10,54.763,159.0,7650,4.2,58,21,9,0,6,12.82051282,8000,49.9,4.1,19.89083333,49.9,4.2,23.25166667,49.9,4.1,22.87866667,179.0
garden_tools,8,48.62875,139.0,7650,4.2,54,22,9,1,7,10.25641026,8000,49.91,4.1,28.37333333,49.9,4.2,33.28142857,49.9,4.1,20.99,159.0
garden_tools,7,73.59,139.0,7650,4.2,46,23,8,1,8,8.974358974,8000,49.91,4.1,20.32833333,49.9,4.2,36.442,49.9,4.1,32.32,139.0
garden_tools,3,18.39333333,59.9,1500,4.0,17,20,10,2,4,7.139686298,19800,59.9,4.0,18.39333333,59.9,4.0,18.39333333,59.9,4.0,18.39333333,59.85
garden_tools,7,15.79428571,59.9,1500,4.0,34,23,8,1,5,7.089375555,19800,59.9,4.1,19.7325,59.9,4.2,26.24666667,59.9,4.0,15.79428571,59.9
garden_tools,4,16.6125,59.9,1500,4.0,26,22,8,1,6,3.498076354,19800,59.9,4.1,17.67,59.9,4.2,16.26,59.9,4.0,16.6125,59.9
garden_tools,19,16.03052632,59.9,1500,4.0,74,21,10,1,7,7.261023972,19800,59.9,4.1,16.62642857,59.9,4.2,16.11157895,59.9,4.1,15.39230769,59.9
garden_tools,21,18.83142857,59.9,1500,4.0,113,23,8,1,8,7.074578278,19800,59.9,4.1,18.16230769,59.9,4.2,17.68111111,59.9,4.1,18.05043478,59.9
garden_tools,23,18.64347826,59.9,1500,4.0,115,21,9,1,9,10.55045872,19800,59.9,4.1,17.18702703,59.9,4.2,16.81176471,59.9,4.1,16.29461538,59.9
garden_tools,19,17.73052632,59.9,1500,4.0,146,22,9,2,10,8.71559633,19800,59.9,4.1,18.06589744,59.9,4.2,17.59548387,59.9,4.1,16.81416667,59.9
garden_tools,82,17.80780488,53.37910448,1500,4.0,339,22,8,4,11,37.6146789,19800,52.40694444,4.1,17.06747253,53.64828125,4.2,16.07586207,53.78571429,4.1,18.27550725,59.9
garden_tools,40,17.5175,55.77096774,1500,4.0,184,21,10,1,12,18.34862385,19800,55.1,4.1,15.75960784,55.425,4.2,19.184375,55.75,4.1,17.26727273,53.37910448
garden_tools,25,17.7532,49.9,1500,4.0,137,23,8,2,1,16.12903226,19800,49.9,4.1,19.495,49.9,4.2,15.84103448,49.9,4.1,16.50512821,55.77096774
garden_tools,44,16.28340909,51.025,1500,4.0,160,20,8,2,2,28.38709677,19800,50.54516129,4.1,16.61153846,50.9,4.2,17.51944444,50.35714286,4.1,18.281875,49.9
garden_tools,25,19.2648,53.9,1500,4.0,116,22,9,1,3,16.12903226,19800,53.9,4.1,20.35967742,53.9,4.2,21.85285714,53.9,4.1,19.02423077,51.025
garden_tools,20,20.563,53.9,1500,4.0,111,21,9,1,4,7.139686298,19800,53.9,4.1,5.28173913,53.9,4.2,19.46846154,53.9,4.1,19.07142857,53.9
garden_tools,17,14.38823529,52.56666667,1500,4.0,102,23,8,3,5,7.089375555,19800,53.41515152,4.1,10.75303571,53.70952381,4.2,13.51034483,53.05789474,4.1,12.98,53.9
garden_tools,8,29.78625,49.9,1500,4.0,58,21,9,0,6,3.498076354,19800,49.9,4.1,19.89083333,49.9,4.2,23.25166667,49.9,4.1,22.87866667,52.56666667
garden_tools,9,27.77,49.9,1500,4.0,54,22,9,1,7,7.261023972,19800,49.91,4.1,28.37333333,49.9,4.2,33.28142857,49.9,4.1,20.99,49.9
garden_tools,7,33.74,49.9,1500,4.0,46,23,8,1,8,7.074578278,19800,49.91,4.1,20.32833333,49.9,4.2,36.442,49.9,4.1,32.32,49.9
watches_gifts,4,14.265,163.0,584,4.2,17,22,8,1,6,4.781275793,2288,163.0,4.2,14.265,163.0,4.2,14.265,185.0,3.8,14.74,162.95
watches_gifts,11,15.52545455,161.5909091,584,4.2,29,21,10,1,7,10.47341115,2288,161.5909091,4.2,15.52545455,161.5909091,4.2,15.52545455,197.383,3.8,16.606,163.0
watches_gifts,13,15.18538462,160.6692308,584,4.2,48,23,8,1,8,10.04303738,2288,160.6692308,4.2,15.18538462,160.6692308,4.2,15.18538462,179.9,3.8,14.92666667,161.5909091
watches_gifts,18,14.04111111,148.7785714,584,4.2,54,21,9,1,9,27.27272727,2288,148.7785714,4.2,14.04111111,148.7785714,4.2,14.04111111,164.57,3.8,19.528,160.6692308
watches_gifts,1,6.81,134.9,584,4.2,43,22,9,2,10,1.515151515,2288,134.9,4.2,6.81,134.9,4.2,6.81,232.49,3.8,14.2125,148.7785714
watches_gifts,15,19.91666667,133.0,584,4.2,91,22,8,4,11,22.72727273,2288,133.0,4.2,19.91666667,108.0,4.2,15.90846154,174.4333333,3.8,20.99277778,134.9
watches_gifts,4,19.1,149.0,584,4.2,73,21,10,1,12,6.060606061,2288,149.0,4.2,19.1,108.0,4.2,16.65384615,185.96,3.8,18.686,133.0
watches_gifts,6,15.92666667,128.2416667,584,4.2,90,20,8,2,2,2.33463035,2288,128.2416667,4.2,15.92666667,108.0,4.2,18.25363636,182.0,3.8,19.33,128.1916667
watches_gifts,31,18.26129032,117.4412903,584,4.2,125,22,9,1,3,12.06225681,2288,117.4412903,4.2,18.26129032,105.6428571,4.2,21.6652381,151.8784375,3.8,20.31375,128.2416667
watches_gifts,85,2.181647059,105.648625,584,4.2,178,21,9,1,4,33.07392996,2288,105.648625,4.2,2.181647059,105.0,4.2,13.63142857,150.1333333,3.8,19.44777778,117.4412903
watches_gifts,114,0.095438596,103.7925234,584,4.2,260,23,8,3,5,44.35797665,2288,103.7925234,4.2,0.095438596,105.0,4.2,11.3772973,132.53125,3.8,15.7621875,105.648625
watches_gifts,9,19.20666667,119.0,584,4.2,93,21,9,0,6,4.781275793,2288,119.0,4.2,19.20666667,105.0,4.2,23.82357143,138.22,3.8,16.108,103.7925234
watches_gifts,11,15.48,118.3636364,584,4.2,122,22,9,1,7,10.47341115,2288,118.3636364,4.2,15.48,105.0,4.2,24.93875,155.0,3.8,16.47,119.0
watches_gifts,1,13.44,112.0,584,4.2,61,23,8,1,8,10.04303738,2288,112.0,4.2,13.44,105.0,4.2,23.38571429,145.5509091,3.8,21.89727273,118.3636364
cool_stuff,1,11.73,29.5,1867,4.4,10,21,9,1,9,100.0,7776,99.99,4.2,15.93333333,29.5,4.4,11.73,29.5,4.4,11.73,29.45
cool_stuff,76,16.53263158,29.5,1867,4.4,102,23,8,2,1,67.25663717,7776,99.99,4.2,16.54,129.99,4.3,17.41,29.5,4.4,16.53263158,29.45
cool_stuff,26,16.25615385,35.0,1867,4.4,45,22,9,1,3,23.00884956,7776,99.99,4.2,20.78,129.99,4.3,18.49,35.0,4.4,16.25615385,34.95
cool_stuff,4,14.845,35.0,1867,4.4,18,21,9,1,4,3.539823009,7776,89.86333333,4.2,19.87666667,129.99,4.3,23.49,35.0,4.4,14.845,35.0
cool_stuff,4,13.6375,35.0,1867,4.4,4,23,8,3,5,3.539823009,7776,35.0,4.4,13.6375,35.0,4.4,13.6375,35.0,4.4,13.6375,35.0
cool_stuff,2,15.01,65.0,1867,4.4,2,21,9,0,6,1.769911504,7776,65.0,4.4,15.01,65.0,4.4,15.01,65.0,4.4,15.01,35.0
cool_stuff,1,57.23,65.0,1867,4.4,1,23,8,1,8,0.884955752,7776,65.0,4.4,57.23,65.0,4.4,57.23,65.0,4.4,57.23,64.95
perfumery,1,15.75,142.5,400,4.4,8,23,8,1,8,12.44918699,4693,56.99,4.3,13.58857143,142.5,4.4,15.75,142.5,4.4,15.75,142.45
perfumery,1,9.19,142.5,400,4.4,18,21,9,1,9,4.166666667,4693,56.99,4.3,13.74117647,142.5,4.4,9.19,142.5,4.4,9.19,142.5
perfumery,2,17.15,142.5,400,4.4,19,22,9,2,10,8.333333333,4693,56.99,4.3,12.29294118,142.5,4.4,17.15,142.5,4.4,17.15,142.5
perfumery,8,14.29375,118.05,400,4.4,27,22,8,4,11,33.33333333,4693,56.99,4.3,12.714,118.05,4.4,14.29375,118.05,4.4,14.29375,142.5
perfumery,12,11.02666667,118.0,400,4.4,34,21,10,1,12,50.0,4693,56.99,4.3,13.82,118.0,4.4,11.02666667,118.0,4.4,11.02666667,118.05
perfumery,6,14.03833333,117.9,400,4.4,15,23,8,2,1,7.317073171,4693,56.99,4.3,12.215,117.9,4.4,14.03833333,117.9,4.4,14.03833333,118.0
perfumery,11,13.88090909,117.8888889,400,4.4,12,20,8,2,2,13.41463415,4693,56.99,4.3,14.5575,117.8888889,4.4,13.88090909,117.8888889,4.4,13.88090909,117.9
perfumery,4,15.175,117.7,400,4.4,18,22,9,1,3,4.87804878,4693,50.49,4.3,15.19642857,117.7,4.4,15.175,117.7,4.4,15.175,117.8888889
perfumery,8,21.65,117.975,400,4.4,10,21,9,1,4,9.756097561,4693,49.99,4.3,13.665,117.975,4.4,21.65,117.975,4.4,21.65,117.7
perfumery,17,15.85235294,119.9,400,4.4,16,23,8,3,5,20.73170732,4693,119.9,4.4,15.85235294,119.9,4.4,15.85235294,119.9,4.4,15.85235294,117.975
perfumery,14,14.17285714,119.1785714,400,4.4,14,21,9,0,6,17.07317073,4693,119.1785714,4.4,14.17285714,119.1785714,4.4,14.17285714,119.1785714,4.4,14.17285714,119.9
perfumery,5,15.978,118.7,400,4.4,13,22,9,1,7,6.097560976,4693,49.99,4.3,12.5225,118.7,4.4,15.978,118.7,4.4,15.978,119.1785714
perfumery,17,17.79058824,116.9066667,400,4.4,19,23,8,1,8,12.44918699,4693,49.99,4.3,12.28,116.9066667,4.4,17.79058824,116.9066667,4.4,17.79058824,118.7
cool_stuff,8,18.77875,129.99,1600,4.3,22,23,8,1,3,9.853603604,15750,99.99,4.2,16.64428571,129.99,4.3,18.77875,129.99,4.3,18.77875,129.94
cool_stuff,14,17.39642857,129.99,1600,4.3,33,20,10,2,4,12.55630631,15750,99.99,4.2,14.20235294,129.99,4.3,17.39642857,129.99,4.3,17.39642857,129.99
cool_stuff,18,18.27277778,129.99,1600,4.3,58,23,8,1,5,16.21621622,15750,99.99,4.2,15.02090909,129.99,4.3,18.27277778,129.99,4.3,18.27277778,129.99
cool_stuff,17,17.06117647,129.99,1600,4.3,42,22,8,1,6,15.31531532,15750,99.99,4.2,13.82642857,129.99,4.3,17.06117647,129.99,4.3,17.06117647,129.99
cool_stuff,16,18.715625,129.99,1600,4.3,42,21,10,1,7,14.41441441,15750,99.99,4.2,16.52909091,129.99,4.3,18.715625,129.99,4.3,18.715625,129.99
cool_stuff,16,19.02125,116.9275,1600,4.3,39,23,8,1,8,14.41441441,15750,99.99,4.2,18.975,116.9275,4.3,19.02125,116.9275,4.3,19.02125,129.99
cool_stuff,10,19.997,119.99,1600,4.3,33,22,9,2,10,9.009009009,15750,99.99,4.2,16.95,119.99,4.3,19.997,119.99,4.3,19.997,119.94
cool_stuff,9,22.67444444,129.99,1600,4.3,42,22,8,4,11,8.108108108,15750,99.99,4.2,16.1875,129.99,4.3,22.67444444,129.99,4.3,22.67444444,119.99
cool_stuff,3,25.59,129.99,1600,4.3,38,21,10,1,12,2.702702703,15750,99.99,4.2,15.26666667,129.99,4.3,25.59,129.99,4.3,25.59,129.99
cool_stuff,4,17.41,129.99,1600,4.3,102,23,8,2,1,50.0,15750,99.99,4.2,16.54,129.99,4.3,17.41,29.5,4.4,16.53263158,129.99
cool_stuff,2,16.71,129.99,1600,4.3,20,20,8,2,2,25.0,15750,99.99,4.2,13.72,129.99,4.3,16.71,129.99,4.3,16.71,129.99
cool_stuff,1,18.49,129.99,1600,4.3,45,22,9,1,3,9.853603604,15750,99.99,4.2,20.78,129.99,4.3,18.49,35.0,4.4,16.25615385,129.99
cool_stuff,1,23.49,129.99,1600,4.3,18,21,9,1,4,12.55630631,15750,89.86333333,4.2,19.87666667,129.99,4.3,23.49,35.0,4.4,14.845,129.99
computers_accessories,4,15.84,94.9,173,4.0,11,23,8,1,5,10.81081081,2808,94.9,4.0,15.84,94.9,4.0,15.84,94.9,4.0,15.84,94.85
computers_accessories,6,17.785,100.9,173,4.0,15,22,8,1,6,10.06889242,2808,159.99,4.2,42.03333333,100.9,4.0,17.785,100.9,4.0,17.785,94.9
computers_accessories,10,12.015,109.9,173,4.0,17,21,10,1,7,22.33704293,2808,139.99,4.2,48.10833333,109.9,4.0,12.015,109.9,4.0,12.015,100.9
computers_accessories,2,10.39,109.9,173,4.0,15,23,8,1,8,3.192898781,2808,145.7042857,4.2,36.46,109.9,4.0,10.39,109.9,4.0,10.39,109.9
computers_accessories,4,14.975,98.9,173,4.0,15,21,9,1,9,10.81081081,2808,151.99,4.2,43.72272727,98.9,4.0,14.975,98.9,4.0,14.975,109.9
computers_accessories,4,17.1225,98.9,173,4.0,31,22,9,2,10,10.81081081,2808,154.6958824,4.2,43.88117647,98.9,4.0,17.1225,98.9,4.0,17.1225,98.9
computers_accessories,6,16.14,98.9,173,4.0,36,22,8,4,11,16.21621622,2808,149.99,4.2,42.51722222,98.9,4.0,16.14,109.9,3.5,15.52,98.9
computers_accessories,1,13.71,98.9,173,4.0,35,21,10,1,12,2.702702703,2808,149.99,4.2,38.57,98.9,4.0,13.71,109.9,3.5,25.24916667,98.9
computers_accessories,31,14.08322581,90.534,173,4.0,152,23,8,2,1,30.39215686,2808,156.5113514,4.2,36.8072093,150.3545455,4.3,22.54772727,97.6425,3.5,14.84655172,98.9
computers_accessories,30,14.096,84.75608696,173,4.0,202,20,8,2,2,29.41176471,2808,149.0,4.2,41.16322581,149.9,4.3,26.55289855,78.7122807,3.5,14.53591549,90.534
computers_accessories,13,11.67230769,87.5,173,4.0,127,22,9,1,3,12.74509804,2808,136.1428571,4.2,48.0475,149.9,4.3,28.47588235,81.02391304,3.5,18.22148148,84.75608696
computers_accessories,5,15.48,94.0,173,4.0,107,21,9,1,4,4.901960784,2808,120.9230769,4.2,27.25303571,149.9,4.3,30.22742857,80.66666667,3.5,18.17230769,87.5
computers_accessories,4,17.1875,73.0,173,4.0,66,21,9,0,6,10.06889242,2808,114.4911538,4.2,53.62555556,149.9,4.3,27.62666667,78.9,3.5,17.328,72.95
computers_accessories,18,21.16444444,66.34214286,173,4.0,43,22,9,1,7,22.33704293,2808,119.99,4.2,48.62666667,149.9,4.3,33.57153846,77.9,3.5,14.63857143,73.0
computers_accessories,1,13.9,79.9,173,4.0,18,23,8,1,8,3.192898781,2808,119.99,4.2,39.046,149.9,4.3,24.76,77.9,3.5,13.415,66.34214286
consoles_games,1,11.85,19.9,100,3.9,13,21,10,1,7,1.369863014,2304,19.9,4.2,13.47307692,19.9,3.9,11.85,19.9,3.9,11.85,19.85
consoles_games,11,15.83272727,19.9,100,3.9,33,23,8,1,8,15.06849315,2304,19.9,4.2,16.16375,19.9,3.9,15.83272727,19.9,3.9,15.83272727,19.9
consoles_games,9,15.41111111,19.9,100,3.9,17,21,9,1,9,12.32876712,2304,19.9,4.2,16.13333333,19.9,3.9,15.41111111,19.9,3.9,15.41111111,19.9
consoles_games,12,12.80333333,20.66666667,100,3.9,38,22,9,2,10,16.43835616,2304,21.54285714,4.2,13.53428571,20.66666667,3.9,12.80333333,20.66666667,3.9,12.80333333,19.9
consoles_games,23,13.65217391,24.5,100,3.9,49,22,8,4,11,31.50684932,2304,24.5,4.2,13.64535714,24.5,3.9,13.65217391,24.5,3.9,13.65217391,20.66666667
consoles_games,17,13.52470588,24.5,100,3.9,30,21,10,1,12,23.28767123,2304,24.5,4.2,12.87375,24.5,3.9,13.52470588,24.5,3.9,13.52470588,24.5
consoles_games,10,13.319,27.03333333,100,3.9,9,23,8,2,1,41.66666667,2304,27.03333333,3.9,13.319,27.03333333,3.9,13.319,27.03333333,3.9,13.319,24.5
consoles_games,1,11.85,32.5,100,3.9,6,20,8,2,2,4.166666667,2304,32.5,4.2,15.256,32.5,3.9,11.85,32.5,3.9,11.85,27.03333333
consoles_games,7,14.02714286,32.74285714,100,3.9,13,22,9,1,3,29.16666667,2304,32.5,4.2,18.05666667,32.74285714,3.9,14.02714286,32.74285714,3.9,14.02714286,32.5
consoles_games,6,15.015,34.2,100,3.9,13,21,9,1,4,25.0,2304,35.05714286,4.2,12.98571429,34.2,3.9,15.015,34.2,3.9,15.015,32.74285714
health_beauty,8,22.90125,349.9,900,4.3,9,22,9,1,1,12.77173913,11400,349.9,4.3,22.90125,349.9,4.3,22.90125,64.99,3.9,11.06,349.85
health_beauty,4,26.9275,349.9,900,4.3,19,20,8,2,2,11.27717391,11400,19.99,4.3,11.75090909,349.9,4.3,26.9275,64.99,3.9,15.348,349.9
health_beauty,2,21.275,349.9,900,4.3,25,23,8,1,3,10.80163043,11400,19.99,4.3,13.81888889,89.99,4.1,13.02,64.99,3.9,17.26222222,349.9
health_beauty,1,19.29,349.9,900,4.3,23,20,10,2,4,4.585597826,11400,19.99,4.3,18.03846154,349.9,4.3,19.29,64.99,3.9,15.16888889,349.9
health_beauty,4,26.73,349.9,900,4.3,41,23,8,1,5,8.559782609,11400,19.99,4.3,14.8475,89.99,4.1,16.09833333,64.99,3.9,14.811875,349.9
health_beauty,2,24.505,349.9,900,4.3,53,22,8,1,6,7.54076087,11400,19.99,4.3,12.68333333,89.99,4.1,14.16333333,58.79952381,3.9,13.90333333,349.9
health_beauty,1,29.3,349.9,900,4.3,61,21,10,1,7,6.75951087,11400,19.99,4.3,11.13517241,89.99,4.1,12.11882353,59.25666667,3.9,17.998,349.9
health_beauty,7,29.94714286,349.9,900,4.3,82,23,8,1,8,10.36005435,11400,23.39740741,4.3,14.27678571,89.99,4.1,13.41055556,58.99,3.9,16.24090909,349.9
health_beauty,7,26.58285714,349.9,900,4.3,89,21,9,1,9,10.9375,11400,23.99,4.3,16.12,89.99,4.1,13.96428571,58.99,3.9,15.6392,349.9
health_beauty,10,22.84,349.9,900,4.3,81,22,9,2,10,15.625,11400,23.99,4.3,13.13666667,89.99,4.1,16.56291667,58.99,3.9,19.06526316,349.9
health_beauty,11,20.47818182,322.1363636,900,4.3,139,22,8,4,11,17.1875,11400,23.99,4.3,12.37535714,89.99,4.1,16.99038462,58.99,3.9,15.71166667,349.9
health_beauty,7,29.09285714,349.9,900,4.3,112,21,10,1,12,10.9375,11400,23.99,4.3,12.45684211,89.99,4.1,15.89473684,58.99,3.9,16.33222222,322.1363636
health_beauty,12,28.41416667,349.9,900,4.3,98,23,8,2,1,12.77173913,11400,23.99,4.3,11.28736842,89.99,4.1,14.811,58.99,3.9,22.67833333,349.9
health_beauty,15,23.20533333,349.9,900,4.3,126,20,8,2,2,11.27717391,11400,23.99,4.3,12.55,89.99,4.1,16.30764706,58.99,3.9,19.575,349.9
health_beauty,17,29.6,349.9,900,4.3,169,22,9,1,3,10.80163043,11400,23.99,4.3,14.19875,83.74,4.1,11.876875,58.99,3.9,15.228,349.9
health_beauty,7,25.64142857,349.9,900,4.3,118,21,9,1,4,4.585597826,11400,349.9,4.3,25.64142857,79.99,4.1,14.485,58.99,3.9,16.30272727,349.9
health_beauty,10,38.57,352.25,900,4.3,159,23,8,3,5,8.559782609,11400,23.99,4.3,7.988571429,79.99,4.1,21.943125,58.99,3.9,9.4225,349.9
health_beauty,11,32.69727273,364.0,900,4.3,131,21,9,0,6,7.54076087,11400,23.99,4.3,16.27,79.99,4.1,13.36230769,58.99,3.9,16.43,352.25
health_beauty,11,36.24636364,364.0,900,4.3,113,22,9,1,7,6.75951087,11400,23.99,4.3,18.81,79.99,4.1,16.745,58.99,3.9,7.67,364.0
health_beauty,9,28.55111111,364.0,900,4.3,127,23,8,1,8,10.36005435,11400,23.99,4.3,16.77,82.82142857,4.1,12.41857143,58.99,3.9,12.08333333,364.0
watches_gifts,2,14.805,239.9,335,4.1,29,21,10,1,7,31.19469027,2992,161.5909091,4.2,15.52545455,239.9,4.1,14.805,197.383,3.8,16.606,239.85
watches_gifts,2,11.22,239.9,335,4.1,43,22,9,2,10,50.0,2992,134.9,4.2,6.81,239.9,4.1,11.22,232.49,3.8,14.2125,239.85
watches_gifts,2,16.36,229.9,335,4.1,59,23,8,2,1,1.769911504,2992,229.9,4.1,16.36,108.0,4.2,16.19636364,199.0,3.8,21.88,229.85
watches_gifts,11,17.02545455,204.6181818,335,4.1,90,20,8,2,2,9.734513274,2992,128.2416667,4.2,15.92666667,108.0,4.2,18.25363636,182.0,3.8,19.33,229.9
watches_gifts,16,17.154375,167.5,335,4.1,125,22,9,1,3,14.15929204,2992,117.4412903,4.2,18.26129032,105.6428571,4.2,21.6652381,151.8784375,3.8,20.31375,204.6181818
watches_gifts,26,17.50192308,150.3423077,335,4.1,178,21,9,1,4,23.00884956,2992,105.648625,4.2,2.181647059,105.0,4.2,13.63142857,150.1333333,3.8,19.44777778,167.5
watches_gifts,30,16.259,145.1666667,335,4.1,260,23,8,3,5,26.54867257,2992,103.7925234,4.2,0.095438596,105.0,4.2,11.3772973,132.53125,3.8,15.7621875,150.3423077
watches_gifts,3,19.17,152.6333333,335,4.1,93,21,9,0,6,2.654867257,2992,119.0,4.2,19.20666667,105.0,4.2,23.82357143,138.22,3.8,16.108,145.1666667
watches_gifts,14,16.65714286,157.1428571,335,4.1,122,22,9,1,7,31.19469027,2992,118.3636364,4.2,15.48,105.0,4.2,24.93875,155.0,3.8,16.47,152.6333333
watches_gifts,11,14.59272727,157.9454545,335,4.1,61,23,8,1,8,9.734513274,2992,112.0,4.2,13.44,105.0,4.2,23.38571429,145.5509091,3.8,21.89727273,157.1428571
furniture_decor,1,21.19,99.9,2500,4.4,64,22,8,4,11,25.0,12000,75.0,4.1,16.13272727,36.85428571,3.7,13.65214286,99.9,4.4,21.19,99.85
furniture_decor,3,20.64666667,99.9,2500,4.4,40,21,10,1,12,75.0,12000,75.0,4.1,17.44638298,99.9,4.4,20.64666667,99.9,4.4,20.64666667,99.9
furniture_decor,13,22.81923077,99.9,2500,4.4,125,23,8,2,1,13.40206186,12000,69.9953271,4.1,17.66311475,38.4,3.7,9.34,99.9,4.4,22.81923077,99.9
furniture_decor,13,28.89076923,99.9,2500,4.4,52,20,8,2,2,13.40206186,12000,69.9,4.1,16.11590909,38.4,3.7,18.68555556,99.9,4.4,28.89076923,99.9
furniture_decor,12,22.14583333,99.9,2500,4.4,83,22,9,1,3,12.37113402,12000,69.9,4.1,18.42507692,35.48571429,3.7,15.44823529,99.9,4.4,22.14583333,99.9
furniture_decor,13,23.32769231,99.9,2500,4.4,92,21,9,1,4,13.40206186,12000,69.9,4.1,9.071566265,35.0,3.7,13.46941176,99.9,4.4,23.32769231,99.9
furniture_decor,13,19.41076923,99.9,2500,4.4,95,23,8,3,5,13.40206186,12000,69.9,4.1,3.801630435,35.0,3.7,14.63454545,99.9,4.4,19.41076923,99.9
furniture_decor,10,25.636,99.9,2500,4.4,18,21,9,0,6,10.30927835,12000,89.9,4.1,21.93,35.0,3.7,18.10153846,99.9,4.4,25.636,99.9
furniture_decor,14,23.84714286,78.53571429,2500,4.4,22,22,9,1,7,14.43298969,12000,89.9,4.1,29.79,35.0,3.7,17.238,78.53571429,4.4,23.84714286,99.9
furniture_decor,9,23.77666667,83.83333333,2500,4.4,19,23,8,1,8,9.278350515,12000,103.2333333,4.1,22.3,35.0,3.7,15.628125,83.83333333,4.4,23.77666667,78.53571429
watches_gifts,8,15.14125,229.9,342,4.1,48,23,8,1,8,12.12121212,3510,160.6692308,4.2,15.18538462,229.9,4.1,15.14125,179.9,3.8,14.92666667,229.85
watches_gifts,10,15.345,219.06,342,4.1,54,21,9,1,9,15.15151515,3510,148.7785714,4.2,14.04111111,219.06,4.1,15.345,164.57,3.8,19.528,229.9
watches_gifts,8,19.1,216.15,342,4.1,43,22,9,2,10,12.12121212,3510,134.9,4.2,6.81,216.15,4.1,19.1,232.49,3.8,14.2125,219.06
watches_gifts,12,19.795,203.2909091,342,4.1,91,22,8,4,11,18.18181818,3510,133.0,4.2,19.91666667,108.0,4.2,15.90846154,174.4333333,3.8,20.99277778,216.15
watches_gifts,28,17.48678571,224.5428571,342,4.1,73,21,10,1,12,42.42424242,3510,149.0,4.2,19.1,108.0,4.2,16.65384615,185.96,3.8,18.686,203.2909091
watches_gifts,10,20.496,220.77,342,4.1,59,23,8,2,1,12.98701299,3510,220.77,4.1,20.496,108.0,4.2,16.19636364,199.0,3.8,21.88,224.5428571
watches_gifts,21,20.90238095,205.6857143,342,4.1,90,20,8,2,2,27.27272727,3510,128.2416667,4.2,15.92666667,108.0,4.2,18.25363636,182.0,3.8,19.33,220.77
watches_gifts,16,29.476875,216.1875,342,4.1,125,22,9,1,3,20.77922078,3510,117.4412903,4.2,18.26129032,105.6428571,4.2,21.6652381,151.8784375,3.8,20.31375,205.6857143
watches_gifts,13,4.088461538,204.3846154,342,4.1,178,21,9,1,4,16.88311688,3510,105.648625,4.2,2.181647059,105.0,4.2,13.63142857,150.1333333,3.8,19.44777778,216.1875
watches_gifts,17,0.0,199.0,342,4.1,260,23,8,3,5,22.07792208,3510,103.7925234,4.2,0.095438596,105.0,4.2,11.3772973,132.53125,3.8,15.7621875,204.3846154
health_beauty,1,11.06,64.99,200,3.9,9,22,9,1,1,5.642857143,3960,64.99,3.9,11.06,64.99,3.9,11.06,64.99,3.9,11.06,64.94
health_beauty,5,15.348,64.99,200,3.9,19,20,8,2,2,13.92857143,3960,19.99,4.3,11.75090909,64.99,3.9,15.348,64.99,3.9,15.348,64.99
health_beauty,9,17.26222222,64.99,200,3.9,25,23,8,1,3,11.5,3960,19.99,4.3,13.81888889,89.99,4.1,13.02,64.99,3.9,17.26222222,64.99
health_beauty,9,15.16888889,64.99,200,3.9,23,20,10,2,4,12.39285714,3960,19.99,4.3,18.03846154,64.99,3.9,15.16888889,64.99,3.9,15.16888889,64.99
health_beauty,16,14.811875,64.99,200,3.9,41,23,8,1,5,8.142857143,3960,19.99,4.3,14.8475,89.99,4.1,16.09833333,64.99,3.9,14.811875,64.99
health_beauty,21,13.90333333,58.79952381,200,3.9,53,22,8,1,6,11.35714286,3960,19.99,4.3,12.68333333,89.99,4.1,14.16333333,58.79952381,3.9,13.90333333,64.99
health_beauty,15,17.998,59.25666667,200,3.9,61,21,10,1,7,6.071428571,3960,19.99,4.3,11.13517241,89.99,4.1,12.11882353,59.25666667,3.9,17.998,58.79952381
health_beauty,22,16.24090909,58.99,200,3.9,82,23,8,1,8,8.964285714,3960,23.39740741,4.3,14.27678571,89.99,4.1,13.41055556,58.99,3.9,16.24090909,59.25666667
health_beauty,25,15.6392,58.99,200,3.9,89,21,9,1,9,14.28571429,3960,23.99,4.3,16.12,89.99,4.1,13.96428571,58.99,3.9,15.6392,58.99
health_beauty,19,19.06526316,58.99,200,3.9,81,22,9,2,10,10.85714286,3960,23.99,4.3,13.13666667,89.99,4.1,16.56291667,58.99,3.9,19.06526316,58.99
health_beauty,24,15.71166667,58.99,200,3.9,139,22,8,4,11,13.71428571,3960,23.99,4.3,12.37535714,89.99,4.1,16.99038462,58.99,3.9,15.71166667,58.99
health_beauty,9,16.33222222,58.99,200,3.9,112,21,10,1,12,5.142857143,3960,23.99,4.3,12.45684211,89.99,4.1,15.89473684,58.99,3.9,16.33222222,58.99
health_beauty,6,22.67833333,58.99,200,3.9,98,23,8,2,1,5.642857143,3960,23.99,4.3,11.28736842,89.99,4.1,14.811,58.99,3.9,22.67833333,58.99
health_beauty,14,19.575,58.99,200,3.9,126,20,8,2,2,13.92857143,3960,23.99,4.3,12.55,89.99,4.1,16.30764706,58.99,3.9,19.575,58.99
health_beauty,10,15.228,58.99,200,3.9,169,22,9,1,3,11.5,3960,23.99,4.3,14.19875,83.74,4.1,11.876875,58.99,3.9,15.228,58.99
health_beauty,11,16.30272727,58.99,200,3.9,118,21,9,1,4,12.39285714,3960,58.99,3.9,16.30272727,79.99,4.1,14.485,58.99,3.9,16.30272727,58.99
health_beauty,4,9.4225,58.99,200,3.9,159,23,8,3,5,8.142857143,3960,23.99,4.3,7.988571429,79.99,4.1,21.943125,58.99,3.9,9.4225,58.99
health_beauty,6,16.43,58.99,200,3.9,131,21,9,0,6,11.35714286,3960,23.99,4.3,16.27,79.99,4.1,13.36230769,58.99,3.9,16.43,58.99
health_beauty,2,7.67,58.99,200,3.9,113,22,9,1,7,6.071428571,3960,23.99,4.3,18.81,79.99,4.1,16.745,58.99,3.9,7.67,58.99
health_beauty,3,12.08333333,58.99,200,3.9,127,23,8,1,8,8.964285714,3960,23.99,4.3,16.77,82.82142857,4.1,12.41857143,58.99,3.9,12.08333333,58.99
bed_bath_table,8,16.35375,99.0,1550,3.3,50,22,9,2,10,21.62162162,20944,89.9,3.9,21.57214286,99.0,3.3,16.35375,45.95,4.0,15.1,98.95
bed_bath_table,22,18.79636364,99.0,1550,3.3,97,22,8,4,11,59.45945946,20944,89.9,3.9,16.294,99.0,3.3,18.79636364,40.53181818,4.0,15.83272727,99.0
bed_bath_table,7,18.66285714,99.0,1550,3.3,41,21,10,1,12,18.91891892,20944,88.48823529,3.9,18.89833333,99.0,3.3,18.66285714,39.99,4.0,15.23,99.0
bed_bath_table,11,16.39727273,98.3,1550,3.3,62,23,8,2,1,14.86486486,20944,86.9,3.9,19.38352941,98.3,3.3,16.39727273,39.99,4.0,16.53368421,99.0
bed_bath_table,13,16.19461538,92.0,1550,3.3,62,20,8,2,2,17.56756757,20944,86.9,3.9,19.20909091,92.0,3.3,16.19461538,39.99,4.0,13.74944444,98.3
bed_bath_table,3,14.04333333,92.0,1550,3.3,43,22,9,1,3,4.054054054,20944,86.9,3.9,19.98235294,92.0,3.3,14.04333333,39.99,4.0,16.46235294,92.0
bed_bath_table,9,17.82222222,90.875,1550,3.3,34,21,9,1,4,12.16216216,20944,85.045,3.9,12.94,90.875,3.3,17.82222222,39.99,4.0,14.23615385,92.0
bed_bath_table,14,9.212857143,88.24,1550,3.3,57,23,8,3,5,18.91891892,20944,83.64961538,3.9,16.78038462,88.24,3.3,9.212857143,39.99,4.0,10.25631579,90.875
bed_bath_table,14,17.975,84.9,1550,3.3,43,21,9,0,6,18.91891892,20944,79.9,3.9,23.00565217,84.9,3.3,17.975,39.99,4.0,13.998,88.24
bed_bath_table,9,22.44777778,84.9,1550,3.3,26,22,9,1,7,12.16216216,20944,77.93333333,3.9,19.952,84.9,3.3,22.44777778,39.99,4.0,20.4175,84.9
bed_bath_table,1,4.41,84.9,1550,3.3,15,23,8,1,8,1.351351351,20944,74.0,3.9,17.25571429,84.9,3.3,4.41,39.24,4.0,16.33375,84.9
garden_tools,1,33.0,99.99,6050,4.1,3,20,8,2,2,11.58685065,8000,99.99,4.1,33.0,99.99,4.1,33.0,99.99,4.1,33.0,99.94
garden_tools,11,30.53909091,99.99,6050,4.1,21,23,8,1,3,11.83035714,8000,99.99,4.1,30.53909091,99.99,4.1,30.53909091,99.99,4.1,30.53909091,99.99
garden_tools,8,33.71,96.65666667,6050,4.1,17,20,10,2,4,10.66355519,8000,96.65666667,4.1,33.71,96.65666667,4.1,33.71,96.65666667,4.1,33.71,99.99
garden_tools,2,34.13,109.99,6050,4.1,34,23,8,1,5,7.548701299,8000,59.9,4.1,19.7325,59.9,4.2,26.24666667,109.99,4.1,34.13,96.65666667
garden_tools,2,34.2,119.99,6050,4.1,26,22,8,1,6,9.111201299,8000,59.9,4.1,17.67,59.9,4.2,16.26,119.99,4.1,34.2,109.99
garden_tools,2,36.28,120.0,6050,4.1,74,21,10,1,7,5.204951299,8000,59.9,4.1,16.62642857,59.9,4.2,16.11157895,59.9,4.1,15.39230769,119.99
garden_tools,4,33.09,104.25,6050,4.1,115,21,9,1,9,5.194805195,8000,59.9,4.1,17.18702703,59.9,4.2,16.81176471,59.9,4.1,16.29461538,104.2
garden_tools,12,30.83416667,92.594,6050,4.1,146,22,9,2,10,15.58441558,8000,59.9,4.1,18.06589744,59.9,4.2,17.59548387,59.9,4.1,16.81416667,104.25
garden_tools,21,47.52571429,89.99,6050,4.1,339,22,8,4,11,27.27272727,8000,52.40694444,4.1,17.06747253,53.64828125,4.2,16.07586207,53.78571429,4.1,18.27550725,92.594
garden_tools,14,42.60714286,89.99,6050,4.1,184,21,10,1,12,18.18181818,8000,55.1,4.1,15.75960784,55.425,4.2,19.184375,55.75,4.1,17.26727273,89.99
garden_tools,12,39.19416667,123.3316667,6050,4.1,137,23,8,2,1,18.75,8000,49.9,4.1,19.495,49.9,4.2,15.84103448,49.9,4.1,16.50512821,89.99
garden_tools,14,33.00214286,120.0,6050,4.1,160,20,8,2,2,11.58685065,8000,50.54516129,4.1,16.61153846,50.9,4.2,17.51944444,50.35714286,4.1,18.281875,123.3316667
garden_tools,6,50.19333333,113.3333333,6050,4.1,116,22,9,1,3,11.83035714,8000,53.9,4.1,20.35967742,53.9,4.2,21.85285714,53.9,4.1,19.02423077,120.0
garden_tools,7,42.21142857,110.0,6050,4.1,111,21,9,1,4,10.66355519,8000,53.9,4.1,5.28173913,53.9,4.2,19.46846154,53.9,4.1,19.07142857,113.3333333
garden_tools,8,39.37125,110.0,6050,4.1,102,23,8,3,5,7.548701299,8000,53.41515152,4.1,10.75303571,53.70952381,4.2,13.51034483,53.05789474,4.1,12.98,110.0
garden_tools,10,41.186,96.65666667,6050,4.1,58,21,9,0,6,9.111201299,8000,49.9,4.1,19.89083333,49.9,4.2,23.25166667,49.9,4.1,22.87866667,110.0
garden_tools,5,44.232,99.99,6050,4.1,54,22,9,1,7,5.204951299,8000,49.91,4.1,28.37333333,49.9,4.2,33.28142857,49.9,4.1,20.99,96.65666667
garden_tools,2,47.745,99.99,6050,4.1,46,23,8,1,8,3.125,8000,49.91,4.1,20.32833333,49.9,4.2,36.442,49.9,4.1,32.32,99.99
bed_bath_table,2,13.02,89.9,1383,3.9,2,20,8,2,2,8.872301532,20000,89.9,3.9,13.02,89.9,3.9,13.02,89.9,3.9,13.02,89.85
bed_bath_table,22,13.65272727,89.9,1383,3.9,20,23,8,1,3,9.704691852,20000,89.9,3.9,13.65272727,89.9,3.9,13.65272727,89.9,3.9,13.65272727,89.9
bed_bath_table,34,15.05,89.9,1383,3.9,31,20,10,2,4,7.079126045,20000,89.9,3.9,15.05,89.9,3.9,15.05,89.9,3.9,15.05,89.9
bed_bath_table,58,15.01189655,89.9,1383,3.9,57,23,8,1,5,18.23424443,20000,89.9,3.9,15.01189655,215.0,4.4,8.76,45.95,4.0,15.1,89.9
bed_bath_table,51,14.76921569,89.9,1383,3.9,61,22,8,1,6,16.08743907,20000,89.9,3.9,14.76921569,209.0,4.4,21.322,45.95,4.0,12.93333333,89.9
bed_bath_table,60,13.99383333,89.9,1383,3.9,123,21,10,1,7,12.26279596,20000,89.9,3.9,13.99383333,205.0,4.4,22.1959322,45.95,4.0,14.84,89.9
bed_bath_table,37,14.65675676,89.9,1383,3.9,90,23,8,1,8,7.887578343,20000,89.9,3.9,14.65675676,199.5098039,4.4,19.41288462,45.95,4.0,14.2875,89.9
bed_bath_table,23,18.77652174,89.9,1383,3.9,54,21,9,1,9,6.406685237,20000,89.9,3.9,18.77652174,163.3987097,4.4,24.3246875,45.95,4.0,15.1,89.9
bed_bath_table,14,21.57214286,89.9,1383,3.9,50,22,9,2,10,3.899721448,20000,89.9,3.9,21.57214286,89.9,3.9,21.57214286,45.95,4.0,15.1,89.9
bed_bath_table,40,16.294,89.9,1383,3.9,97,22,8,4,11,11.14206128,20000,89.9,3.9,16.294,89.9,3.9,16.294,40.53181818,4.0,15.83272727,89.9
bed_bath_table,18,18.89833333,88.48823529,1383,3.9,41,21,10,1,12,5.013927577,20000,88.48823529,3.9,18.89833333,88.48823529,3.9,18.89833333,39.99,4.0,15.23,89.9
bed_bath_table,17,19.38352941,86.9,1383,3.9,62,23,8,2,1,13.28125,20000,86.9,3.9,19.38352941,86.9,3.9,19.38352941,39.99,4.0,16.53368421,88.48823529
bed_bath_table,22,19.20909091,86.9,1383,3.9,62,20,8,2,2,8.872301532,20000,86.9,3.9,19.20909091,86.9,3.9,19.20909091,39.99,4.0,13.74944444,86.9
bed_bath_table,17,19.98235294,86.9,1383,3.9,43,22,9,1,3,9.704691852,20000,86.9,3.9,19.98235294,86.9,3.9,19.98235294,39.99,4.0,16.46235294,86.9
bed_bath_table,6,12.94,85.045,1383,3.9,34,21,9,1,4,7.079126045,20000,85.045,3.9,12.94,85.045,3.9,12.94,39.99,4.0,14.23615385,86.9
bed_bath_table,26,16.78038462,83.64961538,1383,3.9,57,23,8,3,5,18.23424443,20000,83.64961538,3.9,16.78038462,83.64961538,3.9,16.78038462,39.99,4.0,10.25631579,85.045
bed_bath_table,23,23.00565217,79.9,1383,3.9,43,21,9,0,6,16.08743907,20000,79.9,3.9,23.00565217,79.9,3.9,23.00565217,39.99,4.0,13.998,83.64961538
bed_bath_table,10,19.952,77.93333333,1383,3.9,26,22,9,1,7,12.26279596,20000,77.93333333,3.9,19.952,77.93333333,3.9,19.952,39.99,4.0,20.4175,79.9
bed_bath_table,7,17.25571429,74.0,1383,3.9,15,23,8,1,8,7.887578343,20000,74.0,3.9,17.25571429,74.0,3.9,17.25571429,39.24,4.0,16.33375,77.93333333
furniture_decor,1,11.85,38.4,950,3.8,14,23,8,1,8,2.079759863,14000,75.0,4.1,15.37692308,38.4,3.7,12.105,38.4,3.8,11.85,38.35
furniture_decor,6,13.5,38.4,950,3.8,7,21,9,1,9,11.32075472,14000,38.4,3.8,13.5,38.4,3.7,17.95,38.4,3.8,13.5,38.4
furniture_decor,8,15.55875,38.4,950,3.8,17,22,9,2,10,15.09433962,14000,75.0,4.1,13.64,38.4,3.7,13.98,38.4,3.8,15.55875,38.4
furniture_decor,34,13.75058824,34.58117647,950,3.8,64,22,8,4,11,64.1509434,14000,75.0,4.1,16.13272727,36.85428571,3.7,13.65214286,99.9,4.4,21.19,38.4
furniture_decor,4,11.015,38.4,950,3.8,40,21,10,1,12,7.547169811,14000,75.0,4.1,17.44638298,38.4,3.8,11.015,99.9,4.4,20.64666667,34.58117647
furniture_decor,15,14.27533333,38.4,950,3.8,125,23,8,2,1,34.09090909,14000,69.9953271,4.1,17.66311475,38.4,3.7,9.34,99.9,4.4,22.81923077,38.4
furniture_decor,4,15.61,38.4,950,3.8,52,20,8,2,2,9.090909091,14000,69.9,4.1,16.11590909,38.4,3.7,18.68555556,99.9,4.4,28.89076923,38.4
furniture_decor,14,15.18928571,35.48571429,950,3.8,83,22,9,1,3,31.81818182,14000,69.9,4.1,18.42507692,35.48571429,3.7,15.44823529,99.9,4.4,22.14583333,38.4
furniture_decor,4,15.0,35.0,950,3.8,92,21,9,1,4,9.090909091,14000,69.9,4.1,9.071566265,35.0,3.7,13.46941176,99.9,4.4,23.32769231,35.48571429
furniture_decor,4,11.58,35.0,950,3.8,95,23,8,3,5,9.090909091,14000,69.9,4.1,3.801630435,35.0,3.7,14.63454545,99.9,4.4,19.41076923,35.0
furniture_decor,2,19.32,35.0,950,3.8,18,21,9,0,6,4.545454545,14000,89.9,4.1,21.93,35.0,3.7,18.10153846,99.9,4.4,25.636,35.0
furniture_decor,1,19.44,35.0,950,3.8,19,23,8,1,8,2.079759863,14000,103.2333333,4.1,22.3,35.0,3.7,15.628125,83.83333333,4.4,23.77666667,34.95
watches_gifts,13,15.90846154,108.0,1000,4.2,91,22,8,4,11,50.0,7632,133.0,4.2,19.91666667,108.0,4.2,15.90846154,174.4333333,3.8,20.99277778,107.95
watches_gifts,13,16.65384615,108.0,1000,4.2,73,21,10,1,12,50.0,7632,149.0,4.2,19.1,108.0,4.2,16.65384615,185.96,3.8,18.686,108.0
watches_gifts,44,16.19636364,108.0,1000,4.2,59,23,8,2,1,22.11055276,7632,108.0,4.2,16.19636364,108.0,4.2,16.19636364,199.0,3.8,21.88,108.0
watches_gifts,33,18.25363636,108.0,1000,4.2,90,20,8,2,2,16.58291457,7632,128.2416667,4.2,15.92666667,108.0,4.2,18.25363636,182.0,3.8,19.33,108.0
watches_gifts,21,21.6652381,105.6428571,1000,4.2,125,22,9,1,3,10.55276382,7632,117.4412903,4.2,18.26129032,105.6428571,4.2,21.6652381,151.8784375,3.8,20.31375,108.0
watches_gifts,21,13.63142857,105.0,1000,4.2,178,21,9,1,4,10.55276382,7632,105.648625,4.2,2.181647059,105.0,4.2,13.63142857,150.1333333,3.8,19.44777778,105.6428571
watches_gifts,37,11.3772973,105.0,1000,4.2,260,23,8,3,5,18.59296482,7632,103.7925234,4.2,0.095438596,105.0,4.2,11.3772973,132.53125,3.8,15.7621875,105.0
watches_gifts,28,23.82357143,105.0,1000,4.2,93,21,9,0,6,14.07035176,7632,119.0,4.2,19.20666667,105.0,4.2,23.82357143,138.22,3.8,16.108,105.0
watches_gifts,8,24.93875,105.0,1000,4.2,122,22,9,1,7,4.020100503,7632,118.3636364,4.2,15.48,105.0,4.2,24.93875,155.0,3.8,16.47,105.0
watches_gifts,7,23.38571429,105.0,1000,4.2,61,23,8,1,8,3.51758794,7632,112.0,4.2,13.44,105.0,4.2,23.38571429,145.5509091,3.8,21.89727273,105.0
watches_gifts,1,17.98,78.0,250,3.9,6,23,8,1,3,2.740664611,640,78.0,3.9,17.98,78.0,3.9,17.98,241.006,3.8,21.318,77.95
watches_gifts,3,10.3,78.0,250,3.9,17,22,8,1,6,21.17163412,640,163.0,4.2,14.265,78.0,3.9,10.3,185.0,3.8,14.74,77.95
watches_gifts,1,14.3,78.0,250,3.9,29,21,10,1,7,16.76944159,640,161.5909091,4.2,15.52545455,78.0,3.9,14.3,197.383,3.8,16.606,78.0
watches_gifts,5,18.22,78.0,250,3.9,48,23,8,1,8,21.97670435,640,160.6692308,4.2,15.18538462,78.0,3.9,18.22,179.9,3.8,14.92666667,78.0
watches_gifts,3,12.13333333,78.0,250,3.9,43,22,9,2,10,14.28571429,640,134.9,4.2,6.81,78.0,3.9,12.13333333,232.49,3.8,14.2125,77.95
watches_gifts,2,7.8,78.0,250,3.9,91,22,8,4,11,9.523809524,640,133.0,4.2,19.91666667,108.0,4.2,15.90846154,174.4333333,3.8,20.99277778,78.0
watches_gifts,6,19.69166667,78.0,250,3.9,73,21,10,1,12,28.57142857,640,149.0,4.2,19.1,108.0,4.2,16.65384615,185.96,3.8,18.686,78.0
watches_gifts,9,14.63333333,78.0,250,3.9,59,23,8,2,1,6.474820144,640,78.0,3.9,14.63333333,108.0,4.2,16.19636364,199.0,3.8,21.88,78.0
watches_gifts,1,15.3,78.0,250,3.9,90,20,8,2,2,0.71942446,640,128.2416667,4.2,15.92666667,108.0,4.2,18.25363636,182.0,3.8,19.33,78.0
watches_gifts,1,19.24,78.0,250,3.9,125,22,9,1,3,2.740664611,640,117.4412903,4.2,18.26129032,105.6428571,4.2,21.6652381,151.8784375,3.8,20.31375,78.0
watches_gifts,16,16.645625,78.0,250,3.9,178,21,9,1,4,11.51079137,640,105.648625,4.2,2.181647059,105.0,4.2,13.63142857,150.1333333,3.8,19.44777778,78.0
watches_gifts,5,10.24,78.0,250,3.9,260,23,8,3,5,3.597122302,640,103.7925234,4.2,0.095438596,105.0,4.2,11.3772973,132.53125,3.8,15.7621875,78.0
watches_gifts,39,15.6825641,78.0,250,3.9,93,21,9,0,6,21.17163412,640,119.0,4.2,19.20666667,105.0,4.2,23.82357143,138.22,3.8,16.108,78.0
watches_gifts,40,17.9795,78.0,250,3.9,122,22,9,1,7,16.76944159,640,118.3636364,4.2,15.48,105.0,4.2,24.93875,155.0,3.8,16.47,78.0
watches_gifts,28,13.09035714,77.82142857,250,3.9,61,23,8,1,8,21.97670435,640,112.0,4.2,13.44,105.0,4.2,23.38571429,145.5509091,3.8,21.89727273,78.0
furniture_decor,5,15.856,75.0,2600,4.1,5,21,10,1,7,2.435113207,15000,75.0,4.1,15.856,38.4,3.7,7.78,75.0,4.1,15.856,74.95
furniture_decor,13,15.37692308,75.0,2600,4.1,14,23,8,1,8,6.064950512,15000,75.0,4.1,15.37692308,38.4,3.7,12.105,75.0,4.1,15.37692308,75.0
furniture_decor,5,13.64,75.0,2600,4.1,17,22,9,2,10,4.385964912,15000,75.0,4.1,13.64,38.4,3.7,13.98,75.0,4.1,13.64,74.95
furniture_decor,44,16.13272727,75.0,2600,4.1,64,22,8,4,11,38.59649123,15000,75.0,4.1,16.13272727,36.85428571,3.7,13.65214286,99.9,4.4,21.19,75.0
furniture_decor,47,17.44638298,75.0,2600,4.1,40,21,10,1,12,41.22807018,15000,75.0,4.1,17.44638298,75.0,4.1,17.44638298,99.9,4.4,20.64666667,75.0
furniture_decor,122,17.66311475,69.9953271,2600,4.1,125,23,8,2,1,29.53995157,15000,69.9953271,4.1,17.66311475,38.4,3.7,9.34,99.9,4.4,22.81923077,75.0
furniture_decor,44,16.11590909,69.9,2600,4.1,52,20,8,2,2,10.65375303,15000,69.9,4.1,16.11590909,38.4,3.7,18.68555556,99.9,4.4,28.89076923,69.9953271
furniture_decor,65,18.42507692,69.9,2600,4.1,83,22,9,1,3,15.73849879,15000,69.9,4.1,18.42507692,35.48571429,3.7,15.44823529,99.9,4.4,22.14583333,69.9
furniture_decor,83,9.071566265,69.9,2600,4.1,92,21,9,1,4,20.0968523,15000,69.9,4.1,9.071566265,35.0,3.7,13.46941176,99.9,4.4,23.32769231,69.9
furniture_decor,92,3.801630435,69.9,2600,4.1,95,23,8,3,5,22.27602906,15000,69.9,4.1,3.801630435,35.0,3.7,14.63454545,99.9,4.4,19.41076923,69.9
furniture_decor,2,21.93,89.9,2600,4.1,18,21,9,0,6,0.484261501,15000,89.9,4.1,21.93,35.0,3.7,18.10153846,99.9,4.4,25.636,69.9
furniture_decor,2,29.79,89.9,2600,4.1,22,22,9,1,7,2.435113207,15000,89.9,4.1,29.79,35.0,3.7,17.238,78.53571429,4.4,23.84714286,89.9
furniture_decor,3,22.3,103.2333333,2600,4.1,19,23,8,1,8,6.064950512,15000,103.2333333,4.1,22.3,35.0,3.7,15.628125,83.83333333,4.4,23.77666667,89.9
garden_tools,5,18.652,59.9,1850,4.3,17,20,10,2,4,6.593851133,32560,59.9,4.3,18.652,59.9,4.3,18.652,59.9,4.3,18.652,59.85
garden_tools,2,17.67,59.9,1850,4.3,34,23,8,1,5,9.30420712,32560,59.9,4.1,19.7325,59.9,4.2,26.24666667,59.9,4.3,17.67,59.9
garden_tools,5,15.978,59.9,1850,4.3,26,22,8,1,6,12.84385113,32560,59.9,4.1,17.67,59.9,4.2,16.26,59.9,4.3,15.978,59.9
garden_tools,15,17.87866667,59.9,1850,4.3,74,21,10,1,7,13.5315534,32560,59.9,4.1,16.62642857,59.9,4.2,16.11157895,59.9,4.1,15.39230769,59.9
garden_tools,19,16.11157895,59.9,1850,4.3,113,23,8,1,8,15.47330097,32560,59.9,4.1,18.16230769,59.9,4.2,17.68111111,59.9,4.1,18.05043478,59.9
garden_tools,34,19.71176471,59.9,1850,4.3,115,21,9,1,9,33.00970874,32560,59.9,4.1,17.18702703,59.9,4.2,16.81176471,59.9,4.1,16.29461538,59.9
garden_tools,13,18.98153846,59.9,1850,4.3,146,22,9,2,10,12.62135922,32560,59.9,4.1,18.06589744,59.9,4.2,17.59548387,59.9,4.1,16.81416667,59.9
garden_tools,9,45.69666667,54.45,1850,4.3,339,22,8,4,11,8.737864078,32560,52.40694444,4.1,17.06747253,53.64828125,4.2,16.07586207,53.78571429,4.1,18.27550725,59.9
garden_tools,1,18.0,49.9,1850,4.3,184,21,10,1,12,0.970873786,32560,55.1,4.1,15.75960784,55.425,4.2,19.184375,55.75,4.1,17.26727273,54.45
garden_tools,1,35.86,49.9,1850,4.3,137,23,8,2,1,4.166666667,32560,49.9,4.1,19.495,49.9,4.2,15.84103448,49.9,4.1,16.50512821,49.9
garden_tools,4,33.525,51.23333333,1850,4.3,160,20,8,2,2,16.66666667,32560,50.54516129,4.1,16.61153846,50.9,4.2,17.51944444,50.35714286,4.1,18.281875,49.9
garden_tools,2,62.27,53.9,1850,4.3,116,22,9,1,3,8.333333333,32560,53.9,4.1,20.35967742,53.9,4.2,21.85285714,53.9,4.1,19.02423077,51.23333333
garden_tools,2,33.93,53.9,1850,4.3,111,21,9,1,4,6.593851133,32560,53.9,4.1,5.28173913,53.9,4.2,19.46846154,53.9,4.1,19.07142857,53.9
garden_tools,4,21.21,49.9,1850,4.3,102,23,8,3,5,9.30420712,32560,53.41515152,4.1,10.75303571,53.70952381,4.2,13.51034483,53.05789474,4.1,12.98,53.9
garden_tools,5,22.42,49.9,1850,4.3,58,21,9,0,6,12.84385113,32560,49.9,4.1,19.89083333,49.9,4.2,23.25166667,49.9,4.1,22.87866667,49.9
garden_tools,3,34.55,49.9,1850,4.3,54,22,9,1,7,13.5315534,32560,49.91,4.1,28.37333333,49.9,4.2,33.28142857,49.9,4.1,20.99,49.9
garden_tools,3,20.99,49.9,1850,4.3,46,23,8,1,8,15.47330097,32560,49.91,4.1,20.32833333,49.9,4.2,36.442,49.9,4.1,32.32,49.9
furniture_decor,1,7.78,38.4,850,3.7,5,21,10,1,7,5.93883357,10000,75.0,4.1,15.856,38.4,3.7,7.78,38.4,3.7,7.78,38.35
furniture_decor,8,12.105,38.4,850,3.7,14,23,8,1,8,13.82645804,10000,75.0,4.1,15.37692308,38.4,3.7,12.105,38.4,3.7,12.105,38.4
furniture_decor,12,17.95,38.4,850,3.7,7,21,9,1,9,16.21621622,10000,38.4,3.7,17.95,38.4,3.7,17.95,38.4,3.7,17.95,38.4
furniture_decor,25,13.98,38.4,850,3.7,17,22,9,2,10,33.78378378,10000,75.0,4.1,13.64,38.4,3.7,13.98,38.4,3.7,13.98,38.4
furniture_decor,28,13.65214286,36.85428571,850,3.7,64,22,8,4,11,37.83783784,10000,75.0,4.1,16.13272727,36.85428571,3.7,13.65214286,99.9,4.4,21.19,38.4
furniture_decor,2,9.34,38.4,850,3.7,125,23,8,2,1,2.105263158,10000,69.9953271,4.1,17.66311475,38.4,3.7,9.34,99.9,4.4,22.81923077,38.35
furniture_decor,9,18.68555556,38.4,850,3.7,52,20,8,2,2,9.473684211,10000,69.9,4.1,16.11590909,38.4,3.7,18.68555556,99.9,4.4,28.89076923,38.4
furniture_decor,17,15.44823529,35.48571429,850,3.7,83,22,9,1,3,17.89473684,10000,69.9,4.1,18.42507692,35.48571429,3.7,15.44823529,99.9,4.4,22.14583333,38.4
furniture_decor,17,13.46941176,35.0,850,3.7,92,21,9,1,4,17.89473684,10000,69.9,4.1,9.071566265,35.0,3.7,13.46941176,99.9,4.4,23.32769231,35.48571429
furniture_decor,11,14.63454545,35.0,850,3.7,95,23,8,3,5,11.57894737,10000,69.9,4.1,3.801630435,35.0,3.7,14.63454545,99.9,4.4,19.41076923,35.0
furniture_decor,13,18.10153846,35.0,850,3.7,18,21,9,0,6,13.68421053,10000,89.9,4.1,21.93,35.0,3.7,18.10153846,99.9,4.4,25.636,35.0
furniture_decor,10,17.238,35.0,850,3.7,22,22,9,1,7,5.93883357,10000,89.9,4.1,29.79,35.0,3.7,17.238,78.53571429,4.4,23.84714286,35.0
furniture_decor,16,15.628125,35.0,850,3.7,19,23,8,1,8,13.82645804,10000,103.2333333,4.1,22.3,35.0,3.7,15.628125,83.83333333,4.4,23.77666667,35.0
health_beauty,6,21.075,325.0,400,4.2,82,23,8,1,8,16.9688676,2992,23.39740741,4.3,14.27678571,89.99,4.1,13.41055556,58.99,3.9,16.24090909,324.95
health_beauty,11,19.52363636,325.0,400,4.2,89,21,9,1,9,29.72972973,2992,23.99,4.3,16.12,89.99,4.1,13.96428571,58.99,3.9,15.6392,325.0
health_beauty,2,19.545,325.0,400,4.2,81,22,9,2,10,5.405405405,2992,23.99,4.3,13.13666667,89.99,4.1,16.56291667,58.99,3.9,19.06526316,325.0
health_beauty,12,16.99416667,325.0,400,4.2,139,22,8,4,11,32.43243243,2992,23.99,4.3,12.37535714,89.99,4.1,16.99038462,58.99,3.9,15.71166667,325.0
health_beauty,6,17.58333333,325.0,400,4.2,112,21,10,1,12,16.21621622,2992,23.99,4.3,12.45684211,89.99,4.1,15.89473684,58.99,3.9,16.33222222,325.0
health_beauty,10,19.824,325.0,400,4.2,98,23,8,2,1,6.329113924,2992,23.99,4.3,11.28736842,89.99,4.1,14.811,58.99,3.9,22.67833333,325.0
health_beauty,23,15.63782609,325.0,400,4.2,126,20,8,2,2,14.55696203,2992,23.99,4.3,12.55,89.99,4.1,16.30764706,58.99,3.9,19.575,325.0
health_beauty,28,19.37035714,325.8928571,400,4.2,169,22,9,1,3,17.72151899,2992,23.99,4.3,14.19875,83.74,4.1,11.876875,58.99,3.9,15.228,325.0
health_beauty,21,17.30904762,330.0,400,4.2,118,21,9,1,4,13.29113924,2992,330.0,4.2,17.30904762,79.99,4.1,14.485,58.99,3.9,16.30272727,325.8928571
health_beauty,19,15.74789474,330.0,400,4.2,159,23,8,3,5,12.02531646,2992,23.99,4.3,7.988571429,79.99,4.1,21.943125,58.99,3.9,9.4225,330.0
health_beauty,16,20.29875,330.0,400,4.2,131,21,9,0,6,10.12658228,2992,23.99,4.3,16.27,79.99,4.1,13.36230769,58.99,3.9,16.43,330.0
health_beauty,13,28.42,330.0,400,4.2,113,22,9,1,7,8.227848101,2992,23.99,4.3,18.81,79.99,4.1,16.745,58.99,3.9,7.67,330.0
health_beauty,28,20.50535714,330.0,400,4.2,127,23,8,1,8,16.9688676,2992,23.99,4.3,16.77,82.82142857,4.1,12.41857143,58.99,3.9,12.08333333,330.0
garden_tools,1,28.89,99.99,5950,4.3,3,20,8,2,2,7.510204082,8000,99.99,4.3,28.89,99.99,4.3,28.89,99.99,4.3,28.89,99.94
garden_tools,5,31.946,99.99,5950,4.3,21,23,8,1,3,8.551020408,8000,99.99,4.3,31.946,99.99,4.3,31.946,99.99,4.3,31.946,99.99
garden_tools,4,32.0925,109.99,5950,4.3,34,23,8,1,5,4.040816327,8000,59.9,4.1,19.7325,59.9,4.2,26.24666667,109.99,4.3,32.0925,109.94
garden_tools,6,38.35166667,109.99,5950,4.3,26,22,8,1,6,9.06122449,8000,59.9,4.1,17.67,59.9,4.2,16.26,109.99,4.3,38.35166667,109.99
garden_tools,1,34.2,120.0,5950,4.3,74,21,10,1,7,7.510204082,8000,59.9,4.1,16.62642857,59.9,4.2,16.11157895,59.9,4.1,15.39230769,109.99
garden_tools,2,33.83,120.0,5950,4.3,113,23,8,1,8,7.020408163,8000,59.9,4.1,18.16230769,59.9,4.2,17.68111111,59.9,4.1,18.05043478,120.0
garden_tools,7,30.04,102.5,5950,4.3,115,21,9,1,9,7.142857143,8000,59.9,4.1,17.18702703,59.9,4.2,16.81176471,59.9,4.1,16.29461538,120.0
garden_tools,17,41.08941176,95.29,5950,4.3,146,22,9,2,10,17.34693878,8000,59.9,4.1,18.06589744,59.9,4.2,17.59548387,59.9,4.1,16.81416667,102.5
garden_tools,28,39.33678571,89.99,5950,4.3,339,22,8,4,11,28.57142857,8000,52.40694444,4.1,17.06747253,53.64828125,4.2,16.07586207,53.78571429,4.1,18.27550725,95.29
garden_tools,27,38.4162963,89.99,5950,4.3,184,21,10,1,12,27.55102041,8000,55.1,4.1,15.75960784,55.425,4.2,19.184375,55.75,4.1,17.26727273,89.99
garden_tools,11,45.97,127.7272727,5950,4.3,137,23,8,2,1,22.0,8000,49.9,4.1,19.495,49.9,4.2,15.84103448,49.9,4.1,16.50512821,89.99
garden_tools,7,43.38142857,120.0,5950,4.3,160,20,8,2,2,7.510204082,8000,50.54516129,4.1,16.61153846,50.9,4.2,17.51944444,50.35714286,4.1,18.281875,127.7272727
garden_tools,6,54.53166667,110.0,5950,4.3,116,22,9,1,3,8.551020408,8000,53.9,4.1,20.35967742,53.9,4.2,21.85285714,53.9,4.1,19.02423077,120.0
garden_tools,5,42.726,110.0,5950,4.3,111,21,9,1,4,10.0,8000,53.9,4.1,5.28173913,53.9,4.2,19.46846154,53.9,4.1,19.07142857,110.0
garden_tools,2,32.23,110.0,5950,4.3,102,23,8,3,5,4.040816327,8000,53.41515152,4.1,10.75303571,53.70952381,4.2,13.51034483,53.05789474,4.1,12.98,110.0
garden_tools,6,48.17833333,89.99,5950,4.3,58,21,9,0,6,9.06122449,8000,49.9,4.1,19.89083333,49.9,4.2,23.25166667,49.9,4.1,22.87866667,110.0
garden_tools,7,43.68,99.99,5950,4.3,54,22,9,1,7,7.510204082,8000,49.91,4.1,28.37333333,49.9,4.2,33.28142857,49.9,4.1,20.99,89.99
garden_tools,6,34.08333333,98.32333333,5950,4.3,46,23,8,1,8,7.020408163,8000,49.91,4.1,20.32833333,49.9,4.2,36.442,49.9,4.1,32.32,99.99
cool_stuff,7,21.97142857,85.70428571,1200,4.2,7,20,8,2,2,8.708708709,15750,85.70428571,4.2,21.97142857,85.70428571,4.2,21.97142857,85.70428571,4.2,21.97142857,85.65428571
cool_stuff,14,16.64428571,99.99,1200,4.2,22,23,8,1,3,17.41741742,15750,99.99,4.2,16.64428571,129.99,4.3,18.77875,99.99,4.2,16.64428571,85.70428571
cool_stuff,17,14.20235294,99.99,1200,4.2,33,20,10,2,4,24.32432432,15750,99.99,4.2,14.20235294,129.99,4.3,17.39642857,99.99,4.2,14.20235294,99.99
cool_stuff,22,15.02090909,99.99,1200,4.2,58,23,8,1,5,19.81981982,15750,99.99,4.2,15.02090909,129.99,4.3,18.27277778,99.99,4.2,15.02090909,99.99
cool_stuff,14,13.82642857,99.99,1200,4.2,42,22,8,1,6,12.61261261,15750,99.99,4.2,13.82642857,129.99,4.3,17.06117647,99.99,4.2,13.82642857,99.99
cool_stuff,11,16.52909091,99.99,1200,4.2,42,21,10,1,7,9.90990991,15750,99.99,4.2,16.52909091,129.99,4.3,18.715625,99.99,4.2,16.52909091,99.99
cool_stuff,14,18.975,99.99,1200,4.2,39,23,8,1,8,12.61261261,15750,99.99,4.2,18.975,116.9275,4.3,19.02125,99.99,4.2,18.975,99.99
cool_stuff,3,15.93333333,99.99,1200,4.2,10,21,9,1,9,2.702702703,15750,99.99,4.2,15.93333333,99.99,4.2,15.93333333,29.5,4.4,11.73,99.99
cool_stuff,2,16.95,99.99,1200,4.2,33,22,9,2,10,1.801801802,15750,99.99,4.2,16.95,119.99,4.3,19.997,99.99,4.2,16.95,99.99
cool_stuff,4,16.1875,99.99,1200,4.2,42,22,8,4,11,3.603603604,15750,99.99,4.2,16.1875,129.99,4.3,22.67444444,99.99,4.2,16.1875,99.99
cool_stuff,3,15.26666667,99.99,1200,4.2,38,21,10,1,12,2.702702703,15750,99.99,4.2,15.26666667,129.99,4.3,25.59,99.99,4.2,15.26666667,99.99
cool_stuff,3,16.54,99.99,1200,4.2,102,23,8,2,1,33.33333333,15750,99.99,4.2,16.54,129.99,4.3,17.41,29.5,4.4,16.53263158,99.99
cool_stuff,1,13.72,99.99,1200,4.2,20,20,8,2,2,8.708708709,15750,99.99,4.2,13.72,129.99,4.3,16.71,99.99,4.2,13.72,99.99
cool_stuff,2,20.78,99.99,1200,4.2,45,22,9,1,3,17.41741742,15750,99.99,4.2,20.78,129.99,4.3,18.49,35.0,4.4,16.25615385,99.99
cool_stuff,3,19.87666667,89.86333333,1200,4.2,18,21,9,1,4,24.32432432,15750,89.86333333,4.2,19.87666667,129.99,4.3,23.49,35.0,4.4,14.845,99.99
computers_accessories,3,33.4,159.99,6550,4.2,3,20,8,2,2,7.889030612,8000,159.99,4.2,33.4,159.99,4.2,33.4,159.99,4.2,33.4,159.94
computers_accessories,3,33.4,159.99,6550,4.2,3,23,8,1,3,10.54209184,8000,159.99,4.2,33.4,159.99,4.2,33.4,159.99,4.2,33.4,159.99
computers_accessories,5,35.122,139.99,6550,4.2,5,20,10,2,4,14.0327381,8000,139.99,4.2,35.122,139.99,4.2,35.122,139.99,4.2,35.122,159.99
computers_accessories,3,42.03333333,159.99,6550,4.2,15,22,8,1,6,7.072704082,8000,159.99,4.2,42.03333333,159.99,4.2,42.03333333,159.99,4.2,42.03333333,159.94
computers_accessories,6,48.10833333,139.99,6550,4.2,17,21,10,1,7,4.961734694,8000,139.99,4.2,48.10833333,139.99,4.2,48.10833333,139.99,4.2,48.10833333,159.99
computers_accessories,7,36.46,145.7042857,6550,4.2,15,23,8,1,8,5.68664966,8000,145.7042857,4.2,36.46,145.7042857,4.2,36.46,145.7042857,4.2,36.46,139.99
computers_accessories,11,43.72272727,151.99,6550,4.2,15,21,9,1,9,11.45833333,8000,151.99,4.2,43.72272727,151.99,4.2,43.72272727,151.99,4.2,43.72272727,145.7042857
computers_accessories,17,43.88117647,154.6958824,6550,4.2,31,22,9,2,10,17.70833333,8000,154.6958824,4.2,43.88117647,154.6958824,4.2,43.88117647,154.6958824,4.2,43.88117647,151.99
computers_accessories,18,42.51722222,149.99,6550,4.2,36,22,8,4,11,18.75,8000,149.99,4.2,42.51722222,149.99,4.2,42.51722222,109.9,3.5,15.52,154.6958824
computers_accessories,23,38.57,149.99,6550,4.2,35,21,10,1,12,23.95833333,8000,149.99,4.2,38.57,149.99,4.2,38.57,109.9,3.5,25.24916667,149.99
computers_accessories,43,36.8072093,156.5113514,6550,4.2,152,23,8,2,1,17.55102041,8000,156.5113514,4.2,36.8072093,150.3545455,4.3,22.54772727,97.6425,3.5,14.84655172,149.99
computers_accessories,31,41.16322581,149.0,6550,4.2,202,20,8,2,2,7.889030612,8000,149.0,4.2,41.16322581,149.9,4.3,26.55289855,78.7122807,3.5,14.53591549,156.5113514
computers_accessories,44,48.0475,136.1428571,6550,4.2,127,22,9,1,3,10.54209184,8000,136.1428571,4.2,48.0475,149.9,4.3,28.47588235,81.02391304,3.5,18.22148148,149.0
computers_accessories,56,27.25303571,120.9230769,6550,4.2,107,21,9,1,4,14.0327381,8000,120.9230769,4.2,27.25303571,149.9,4.3,30.22742857,80.66666667,3.5,18.17230769,136.1428571
computers_accessories,25,39.2172,119.0,6550,4.2,78,23,8,3,5,10.20408163,8000,119.0,4.2,39.2172,149.9,4.3,18.94307692,79.8,3.5,14.41454545,120.9230769
computers_accessories,27,53.62555556,114.4911538,6550,4.2,66,21,9,0,6,7.072704082,8000,114.4911538,4.2,53.62555556,149.9,4.3,27.62666667,78.9,3.5,17.328,119.0
computers_accessories,9,48.62666667,119.99,6550,4.2,43,22,9,1,7,4.961734694,8000,119.99,4.2,48.62666667,149.9,4.3,33.57153846,77.9,3.5,14.63857143,114.4911538
computers_accessories,10,39.046,119.99,6550,4.2,18,23,8,1,8,5.68664966,8000,119.99,4.2,39.046,149.9,4.3,24.76,77.9,3.5,13.415,119.99
watches_gifts,2,13.845,339.0,363,3.7,48,23,8,1,8,6.060606061,3042,160.6692308,4.2,15.18538462,339.0,3.7,13.845,179.9,3.8,14.92666667,338.95
watches_gifts,1,13.94,339.0,363,3.7,54,21,9,1,9,3.03030303,3042,148.7785714,4.2,14.04111111,339.0,3.7,13.94,164.57,3.8,19.528,339.0
watches_gifts,10,13.455,346.158,363,3.7,43,22,9,2,10,30.3030303,3042,134.9,4.2,6.81,346.158,3.7,13.455,232.49,3.8,14.2125,339.0
watches_gifts,9,14.27555556,345.7066667,363,3.7,91,22,8,4,11,27.27272727,3042,133.0,4.2,19.91666667,108.0,4.2,15.90846154,174.4333333,3.8,20.99277778,346.158
watches_gifts,11,16.10272727,348.8,363,3.7,73,21,10,1,12,33.33333333,3042,149.0,4.2,19.1,108.0,4.2,16.65384615,185.96,3.8,18.686,345.7066667
watches_gifts,1,17.13,339.9,363,3.7,59,23,8,2,1,1.111111111,3042,339.9,3.7,17.13,108.0,4.2,16.19636364,199.0,3.8,21.88,348.8
watches_gifts,5,17.176,347.0,363,3.7,90,20,8,2,2,5.555555556,3042,128.2416667,4.2,15.92666667,108.0,4.2,18.25363636,182.0,3.8,19.33,339.9
watches_gifts,6,18.22333333,307.8333333,363,3.7,125,22,9,1,3,6.666666667,3042,117.4412903,4.2,18.26129032,105.6428571,4.2,21.6652381,151.8784375,3.8,20.31375,347.0
watches_gifts,6,18.16833333,280.6666667,363,3.7,178,21,9,1,4,6.666666667,3042,105.648625,4.2,2.181647059,105.0,4.2,13.63142857,150.1333333,3.8,19.44777778,307.8333333
watches_gifts,23,13.63130435,258.9695652,363,3.7,260,23,8,3,5,25.55555556,3042,103.7925234,4.2,0.095438596,105.0,4.2,11.3772973,132.53125,3.8,15.7621875,280.6666667
watches_gifts,4,14.795,245.9,363,3.7,93,21,9,0,6,4.444444444,3042,119.0,4.2,19.20666667,105.0,4.2,23.82357143,138.22,3.8,16.108,258.9695652
watches_gifts,45,17.95355556,169.3493182,363,3.7,122,22,9,1,7,50.0,3042,118.3636364,4.2,15.48,105.0,4.2,24.93875,155.0,3.8,16.47,245.9
computers_accessories,15,18.75466667,178.0571429,922,4.2,11,23,8,1,5,15.78947368,7650,178.0571429,4.2,18.75466667,178.0571429,4.2,18.75466667,178.0571429,4.2,18.75466667,178.0071429
computers_accessories,15,21.70066667,149.8525,922,4.2,15,22,8,1,6,15.78947368,7650,159.99,4.2,42.03333333,149.8525,4.2,21.70066667,149.8525,4.2,21.70066667,178.0571429
computers_accessories,4,18.27,146.6,922,4.2,17,21,10,1,7,4.210526316,7650,139.99,4.2,48.10833333,146.6,4.2,18.27,146.6,4.2,18.27,149.8525
computers_accessories,13,19.28538462,144.96,922,4.2,15,23,8,1,8,13.68421053,7650,145.7042857,4.2,36.46,144.96,4.2,19.28538462,144.96,4.2,19.28538462,146.6
computers_accessories,12,35.9225,138.59,922,4.2,15,21,9,1,9,12.63157895,7650,151.99,4.2,43.72272727,138.59,4.2,35.9225,138.59,4.2,35.9225,144.96
computers_accessories,16,36.021875,137.9,922,4.2,31,22,9,2,10,16.84210526,7650,154.6958824,4.2,43.88117647,137.9,4.2,36.021875,137.9,4.2,36.021875,138.59
computers_accessories,18,39.39888889,137.9,922,4.2,36,22,8,4,11,18.94736842,7650,149.99,4.2,42.51722222,137.9,4.2,39.39888889,109.9,3.5,15.52,137.9
computers_accessories,2,38.78,134.9,922,4.2,35,21,10,1,12,2.105263158,7650,149.99,4.2,38.57,134.9,4.2,38.78,109.9,3.5,25.24916667,137.9
computers_accessories,5,38.044,133.0,922,4.2,152,23,8,2,1,62.5,7650,156.5113514,4.2,36.8072093,150.3545455,4.3,22.54772727,97.6425,3.5,14.84655172,134.9
computers_accessories,3,14.59666667,132.97,922,4.2,202,20,8,2,2,37.5,7650,149.0,4.2,41.16322581,149.9,4.3,26.55289855,78.7122807,3.5,14.53591549,133.0
health_beauty,1,11.85,29.9,250,4.5,81,22,9,2,10,7.692307692,1200,23.99,4.3,13.13666667,89.99,4.1,16.56291667,58.99,3.9,19.06526316,29.85
health_beauty,6,12.51,29.9,250,4.5,139,22,8,4,11,46.15384615,1200,23.99,4.3,12.37535714,89.99,4.1,16.99038462,58.99,3.9,15.71166667,29.9
health_beauty,6,10.115,29.9,250,4.5,112,21,10,1,12,46.15384615,1200,23.99,4.3,12.45684211,89.99,4.1,15.89473684,58.99,3.9,16.33222222,29.9
health_beauty,15,9.551333333,29.9,250,4.5,98,23,8,2,1,12.09677419,1200,23.99,4.3,11.28736842,89.99,4.1,14.811,58.99,3.9,22.67833333,29.9
health_beauty,16,10.09125,29.9,250,4.5,126,20,8,2,2,12.90322581,1200,23.99,4.3,12.55,89.99,4.1,16.30764706,58.99,3.9,19.575,29.9
health_beauty,11,11.43454545,29.9,250,4.5,169,22,9,1,3,8.870967742,1200,23.99,4.3,14.19875,83.74,4.1,11.876875,58.99,3.9,15.228,29.9
health_beauty,22,10.10318182,29.9,250,4.5,118,21,9,1,4,17.74193548,1200,29.9,4.5,10.10318182,79.99,4.1,14.485,58.99,3.9,16.30272727,29.9
health_beauty,22,9.772727273,29.9,250,4.5,159,23,8,3,5,17.74193548,1200,23.99,4.3,7.988571429,79.99,4.1,21.943125,58.99,3.9,9.4225,29.9
health_beauty,7,11.50285714,29.9,250,4.5,131,21,9,0,6,5.64516129,1200,23.99,4.3,16.27,79.99,4.1,13.36230769,58.99,3.9,16.43,29.9
health_beauty,18,9.365555556,29.9,250,4.5,113,22,9,1,7,14.51612903,1200,23.99,4.3,18.81,79.99,4.1,16.745,58.99,3.9,7.67,29.9
health_beauty,13,9.553076923,29.9,250,4.5,127,23,8,1,8,10.48387097,1200,23.99,4.3,16.77,82.82142857,4.1,12.41857143,58.99,3.9,12.08333333,29.9
watches_gifts,5,21.318,241.006,4338,3.8,6,23,8,1,3,17.62007555,2856,241.006,3.8,21.318,241.006,3.8,21.318,241.006,3.8,21.318,240.956
watches_gifts,3,21.22666667,255.61,4338,3.8,3,20,10,2,4,5.893146249,2856,255.61,3.8,21.22666667,255.61,3.8,21.22666667,255.61,3.8,21.22666667,241.006
watches_gifts,5,14.74,185.0,4338,3.8,17,22,8,1,6,9.821910416,2856,163.0,4.2,14.265,185.0,3.8,14.74,185.0,3.8,14.74,184.95
watches_gifts,10,16.606,197.383,4338,3.8,29,21,10,1,7,6.799784134,2856,161.5909091,4.2,15.52545455,197.383,3.8,16.606,197.383,3.8,16.606,185.0
watches_gifts,15,14.92666667,179.9,4338,3.8,48,23,8,1,8,13.86940097,2856,160.6692308,4.2,15.18538462,179.9,3.8,14.92666667,179.9,3.8,14.92666667,197.383
watches_gifts,20,19.528,164.57,4338,3.8,54,21,9,1,9,23.52941176,2856,148.7785714,4.2,14.04111111,164.57,3.8,19.528,164.57,3.8,19.528,179.9
watches_gifts,4,14.2125,232.49,4338,3.8,43,22,9,2,10,4.705882353,2856,134.9,4.2,6.81,232.49,3.8,14.2125,232.49,3.8,14.2125,164.57
watches_gifts,18,20.99277778,174.4333333,4338,3.8,91,22,8,4,11,21.17647059,2856,133.0,4.2,19.91666667,108.0,4.2,15.90846154,174.4333333,3.8,20.99277778,232.49
watches_gifts,5,18.686,185.96,4338,3.8,73,21,10,1,12,5.882352941,2856,149.0,4.2,19.1,108.0,4.2,16.65384615,185.96,3.8,18.686,174.4333333
watches_gifts,2,21.88,199.0,4338,3.8,59,23,8,2,1,1.834862385,2856,199.0,3.8,21.88,108.0,4.2,16.19636364,199.0,3.8,21.88,185.96
watches_gifts,6,19.33,182.0,4338,3.8,90,20,8,2,2,5.504587156,2856,128.2416667,4.2,15.92666667,108.0,4.2,18.25363636,182.0,3.8,19.33,199.0
watches_gifts,32,20.31375,151.8784375,4338,3.8,125,22,9,1,3,17.62007555,2856,117.4412903,4.2,18.26129032,105.6428571,4.2,21.6652381,151.8784375,3.8,20.31375,182.0
watches_gifts,9,19.44777778,150.1333333,4338,3.8,178,21,9,1,4,5.893146249,2856,105.648625,4.2,2.181647059,105.0,4.2,13.63142857,150.1333333,3.8,19.44777778,151.8784375
watches_gifts,32,15.7621875,132.53125,4338,3.8,260,23,8,3,5,29.35779817,2856,103.7925234,4.2,0.095438596,105.0,4.2,11.3772973,132.53125,3.8,15.7621875,150.1333333
watches_gifts,15,16.108,138.22,4338,3.8,93,21,9,0,6,9.821910416,2856,119.0,4.2,19.20666667,105.0,4.2,23.82357143,138.22,3.8,16.108,132.53125
watches_gifts,2,16.47,155.0,4338,3.8,122,22,9,1,7,6.799784134,2856,118.3636364,4.2,15.48,105.0,4.2,24.93875,155.0,3.8,16.47,138.22
watches_gifts,11,21.89727273,145.5509091,4338,3.8,61,23,8,1,8,13.86940097,2856,112.0,4.2,13.44,105.0,4.2,23.38571429,145.5509091,3.8,21.89727273,155.0
computers_accessories,1,15.52,109.9,180,3.5,36,22,8,4,11,7.692307692,2210,149.99,4.2,42.51722222,109.9,3.5,15.52,109.9,3.5,15.52,109.85
computers_accessories,12,25.24916667,109.9,180,3.5,35,21,10,1,12,92.30769231,2210,149.99,4.2,38.57,109.9,3.5,25.24916667,109.9,3.5,25.24916667,109.9
computers_accessories,29,14.84655172,97.6425,180,3.5,152,23,8,2,1,17.05882353,2210,156.5113514,4.2,36.8072093,150.3545455,4.3,22.54772727,97.6425,3.5,14.84655172,109.9
computers_accessories,71,14.53591549,78.7122807,180,3.5,202,20,8,2,2,41.76470588,2210,149.0,4.2,41.16322581,149.9,4.3,26.55289855,78.7122807,3.5,14.53591549,97.6425
computers_accessories,27,18.22148148,81.02391304,180,3.5,127,22,9,1,3,15.88235294,2210,136.1428571,4.2,48.0475,149.9,4.3,28.47588235,81.02391304,3.5,18.22148148,78.7122807
computers_accessories,13,18.17230769,80.66666667,180,3.5,107,21,9,1,4,7.647058824,2210,120.9230769,4.2,27.25303571,149.9,4.3,30.22742857,80.66666667,3.5,18.17230769,81.02391304
computers_accessories,11,14.41454545,79.8,180,3.5,78,23,8,3,5,6.470588235,2210,119.0,4.2,39.2172,149.9,4.3,18.94307692,79.8,3.5,14.41454545,80.66666667
computers_accessories,10,17.328,78.9,180,3.5,66,21,9,0,6,5.882352941,2210,114.4911538,4.2,53.62555556,149.9,4.3,27.62666667,78.9,3.5,17.328,79.8
computers_accessories,7,14.63857143,77.9,180,3.5,43,22,9,1,7,4.117647059,2210,119.99,4.2,48.62666667,149.9,4.3,33.57153846,77.9,3.5,14.63857143,78.9
computers_accessories,2,13.415,77.9,180,3.5,18,23,8,1,8,1.176470588,2210,119.99,4.2,39.046,149.9,4.3,24.76,77.9,3.5,13.415,77.9
bed_bath_table,29,13.88241379,45.9,800,4.2,50,22,9,2,10,39.7260274,8000,89.9,3.9,21.57214286,45.9,4.2,13.88241379,45.95,4.0,15.1,45.85
bed_bath_table,32,13.95875,44.15444444,800,4.2,97,22,8,4,11,43.83561644,8000,89.9,3.9,16.294,44.15444444,4.2,13.95875,40.53181818,4.0,15.83272727,45.9
bed_bath_table,12,13.6875,45.9,800,4.2,41,21,10,1,12,16.43835616,8000,88.48823529,3.9,18.89833333,45.9,4.2,13.6875,39.99,4.0,15.23,44.15444444
bed_bath_table,19,14.18210526,45.9,800,4.2,62,23,8,2,1,32.75862069,8000,86.9,3.9,19.38352941,45.9,4.2,14.18210526,39.99,4.0,16.53368421,45.9
bed_bath_table,16,12.1725,45.9,800,4.2,62,20,8,2,2,27.5862069,8000,86.9,3.9,19.20909091,45.9,4.2,12.1725,39.99,4.0,13.74944444,45.9
bed_bath_table,8,15.22625,47.9,800,4.2,43,22,9,1,3,13.79310345,8000,86.9,3.9,19.98235294,47.9,4.2,15.22625,39.99,4.0,16.46235294,45.9
bed_bath_table,7,19.08428571,47.9,800,4.2,34,21,9,1,4,12.06896552,8000,85.045,3.9,12.94,47.9,4.2,19.08428571,39.99,4.0,14.23615385,47.9
bed_bath_table,2,12.055,47.9,800,4.2,57,23,8,3,5,3.448275862,8000,83.64961538,3.9,16.78038462,47.9,4.2,12.055,39.99,4.0,10.25631579,47.9
bed_bath_table,4,12.6375,47.9,800,4.2,43,21,9,0,6,6.896551724,8000,79.9,3.9,23.00565217,47.9,4.2,12.6375,39.99,4.0,13.998,47.9
bed_bath_table,2,24.69,47.9,800,4.2,26,22,9,1,7,3.448275862,8000,77.93333333,3.9,19.952,47.9,4.2,24.69,39.99,4.0,20.4175,47.9
bed_bath_table,1,8.76,215.0,9750,4.4,57,23,8,1,5,0.649350649,12600,89.9,3.9,15.01189655,215.0,4.4,8.76,45.95,4.0,15.1,214.95
bed_bath_table,10,21.322,209.0,9750,4.4,61,22,8,1,6,6.493506494,12600,89.9,3.9,14.76921569,209.0,4.4,21.322,45.95,4.0,12.93333333,215.0
bed_bath_table,59,22.1959322,205.0,9750,4.4,123,21,10,1,7,38.31168831,12600,89.9,3.9,13.99383333,205.0,4.4,22.1959322,45.95,4.0,14.84,209.0
bed_bath_table,52,19.41288462,199.5098039,9750,4.4,90,23,8,1,8,33.76623377,12600,89.9,3.9,14.65675676,199.5098039,4.4,19.41288462,45.95,4.0,14.2875,205.0
bed_bath_table,32,24.3246875,163.3987097,9750,4.4,54,21,9,1,9,20.77922078,12600,89.9,3.9,18.77652174,163.3987097,4.4,24.3246875,45.95,4.0,15.1,199.5098039
